job_name,N,N_approx,D,C,lr,gbsz,beta2,seed,iteration,train_samples,train_tokens,num_of_valid_seq,loss,loss_se
dense_130M_xm01_lr0.00025_gbsz16_beta20.99_12B,124455168,130000000.0,12000000000.0,8.960772096e+18,0.00025,16,0.99,1234,183106.0,2929696.0,12000034816.0,204800.0,2.656725,0.0
dense_130M_xm01_lr0.00025_gbsz16_beta20.99_6B,124455168,130000000.0,6000000000.0,4.480386048e+18,0.00025,16,0.99,1234,91553.0,1464848.0,6000017408.0,204800.0,2.721845,0.0
dense_130M_xm01_lr0.00025_gbsz32_beta20.99_12B,124455168,130000000.0,12000000000.0,8.960772096e+18,0.00025,32,0.99,1234,91553.0,2929696.0,12000034816.0,204800.0,2.656892,0.0
dense_130M_xm01_lr0.00025_gbsz32_beta20.99_6B,124455168,130000000.0,6000000000.0,4.480386048e+18,0.00025,32,0.99,1234,45777.0,1464864.0,6000082944.0,204800.0,2.729814,0.0
dense_130M_xm01_lr0.0005_gbsz1024_beta20.99_120B,124455168,130000000.0,120000000000.0,8.960772096e+19,0.0005,1024,0.99,1234,28611.0,29297664.0,120003231744.0,204800.0,2.55656,0.0
dense_130M_xm01_lr0.0005_gbsz1024_beta20.99_200B,124455168,130000000.0,200000000000.0,1.493462016e+20,0.0005,1024,0.99,1234,47684.0,48828416.0,200001191936.0,204800.0,2.525446,0.0
dense_130M_xm01_lr0.0005_gbsz1024_beta20.99_300B,124455168,130000000.0,300000000000.0,2.240193024e+20,0.0005,1024,0.99,1234,71526.0,73242624.0,300001787904.0,204800.0,2.505355,0.0
dense_130M_xm01_lr0.0005_gbsz1024_beta20.99_30B,124455168,130000000.0,30000000000.0,2.240193024e+19,0.0005,1024,0.99,1234,7153.0,7324672.0,30001856512.0,204800.0,2.712914,0.0
dense_130M_xm01_lr0.0005_gbsz1024_beta20.99_50B,124455168,130000000.0,50000000000.0,3.73365504e+19,0.0005,1024,0.99,1234,11921.0,12207104.0,50000297984.0,204800.0,2.636763,0.0
dense_130M_xm01_lr0.0005_gbsz1024_beta20.99_80B,124455168,130000000.0,80000000000.0,5.973848064e+19,0.0005,1024,0.99,1234,19074.0,19531776.0,80002154496.0,204800.0,2.588138,0.0
dense_130M_xm01_lr0.0005_gbsz128_beta20.99_120B,124455168,130000000.0,120000000000.0,8.960772096e+19,0.0005,128,0.99,1234,228882.0,29296896.0,120000086016.0,204800.0,2.505396,0.0
dense_130M_xm01_lr0.0005_gbsz128_beta20.99_12B,124455168,130000000.0,12000000000.0,8.960772096e+18,0.0005,128,0.99,1234,22889.0,2929792.0,12000428032.0,204800.0,2.670078,0.0
dense_130M_xm01_lr0.0005_gbsz128_beta20.99_200B,124455168,130000000.0,200000000000.0,1.493462016e+20,0.0005,128,0.99,1234,381470.0,48828160.0,200000143360.0,204800.0,2.48402,0.0
dense_130M_xm01_lr0.0005_gbsz128_beta20.99_20B,124455168,130000000.0,20000000000.0,1.493462016e+19,0.0005,128,0.99,1234,38147.0,4882816.0,20000014336.0,204800.0,2.621601,0.0
dense_130M_xm01_lr0.0005_gbsz128_beta20.99_300B,124455168,130000000.0,300000000000.0,2.240193024e+20,0.0005,128,0.99,1234,572205.0,73242240.0,300000215040.0,204800.0,2.470057,0.0
dense_130M_xm01_lr0.0005_gbsz128_beta20.99_30B,124455168,130000000.0,30000000000.0,2.240193024e+19,0.0005,128,0.99,1234,57221.0,7324288.0,30000283648.0,204800.0,2.589072,0.0
dense_130M_xm01_lr0.0005_gbsz128_beta20.99_50B,124455168,130000000.0,50000000000.0,3.73365504e+19,0.0005,128,0.99,1234,95368.0,12207104.0,50000297984.0,204800.0,2.5535,0.0
dense_130M_xm01_lr0.0005_gbsz128_beta20.99_6B,124455168,130000000.0,6000000000.0,4.480386048e+18,0.0005,128,0.99,1234,11445.0,1464960.0,6000476160.0,204800.0,2.757588,0.0
dense_130M_xm01_lr0.0005_gbsz128_beta20.99_80B,124455168,130000000.0,80000000000.0,5.973848064e+19,0.0005,128,0.99,1234,152588.0,19531264.0,80000057344.0,204800.0,2.525927,0.0
dense_130M_xm01_lr0.0005_gbsz16_beta20.99_12B,124455168,130000000.0,12000000000.0,8.960772096e+18,0.0005,16,0.99,1234,183106.0,2929696.0,12000034816.0,204800.0,2.654031,0.0
dense_130M_xm01_lr0.0005_gbsz16_beta20.99_6B,124455168,130000000.0,6000000000.0,4.480386048e+18,0.0005,16,0.99,1234,91553.0,1464848.0,6000017408.0,204800.0,2.716708,0.0
dense_130M_xm01_lr0.0005_gbsz256_beta20.99_120B,124455168,130000000.0,120000000000.0,8.960772096e+19,0.0005,256,0.99,1234,114441.0,29296896.0,120000086016.0,204800.0,2.513885,0.0
dense_130M_xm01_lr0.0005_gbsz256_beta20.99_12B,124455168,130000000.0,12000000000.0,8.960772096e+18,0.0005,256,0.99,1234,11445.0,2929920.0,12000952320.0,204800.0,2.703264,0.0
dense_130M_xm01_lr0.0005_gbsz256_beta20.99_200B,124455168,130000000.0,200000000000.0,1.493462016e+20,0.0005,256,0.99,1234,190735.0,48828160.0,200000143360.0,204800.0,2.490451,0.0
dense_130M_xm01_lr0.0005_gbsz256_beta20.99_20B,124455168,130000000.0,20000000000.0,1.493462016e+19,0.0005,256,0.99,1234,19074.0,4882944.0,20000538624.0,204800.0,2.643294,0.0
dense_130M_xm01_lr0.0005_gbsz256_beta20.99_300B,124455168,130000000.0,300000000000.0,2.240193024e+20,0.0005,256,0.99,1234,286103.0,73242368.0,300000739328.0,204800.0,2.475114,0.0
dense_130M_xm01_lr0.0005_gbsz256_beta20.99_30B,124455168,130000000.0,30000000000.0,2.240193024e+19,0.0005,256,0.99,1234,28611.0,7324416.0,30000807936.0,204800.0,2.605582,0.0
dense_130M_xm01_lr0.0005_gbsz256_beta20.99_50B,124455168,130000000.0,50000000000.0,3.73365504e+19,0.0005,256,0.99,1234,47684.0,12207104.0,50000297984.0,204800.0,2.566053,0.0
dense_130M_xm01_lr0.0005_gbsz256_beta20.99_80B,124455168,130000000.0,80000000000.0,5.973848064e+19,0.0005,256,0.99,1234,76294.0,19531264.0,80000057344.0,204800.0,2.53595,0.0
dense_130M_xm01_lr0.0005_gbsz32_beta20.99_12B,124455168,130000000.0,12000000000.0,8.960772096e+18,0.0005,32,0.99,1234,91553.0,2929696.0,12000034816.0,204800.0,2.649715,0.0
dense_130M_xm01_lr0.0005_gbsz32_beta20.99_20B,124455168,130000000.0,20000000000.0,1.493462016e+19,0.0005,32,0.99,1234,152588.0,4882816.0,20000014336.0,204800.0,2.608215,0.0
dense_130M_xm01_lr0.0005_gbsz32_beta20.99_30B,124455168,130000000.0,30000000000.0,2.240193024e+19,0.0005,32,0.99,1234,228882.0,7324224.0,30000021504.0,204800.0,2.579421,0.0
dense_130M_xm01_lr0.0005_gbsz32_beta20.99_6B,124455168,130000000.0,6000000000.0,4.480386048e+18,0.0005,32,0.99,1234,45777.0,1464864.0,6000082944.0,204800.0,2.715563,0.0
dense_130M_xm01_lr0.0005_gbsz512_beta20.99_120B,124455168,130000000.0,120000000000.0,8.960772096e+19,0.0005,512,0.99,1234,57221.0,29297152.0,120001134592.0,204800.0,2.530196,0.0
dense_130M_xm01_lr0.0005_gbsz512_beta20.99_200B,124455168,130000000.0,200000000000.0,1.493462016e+20,0.0005,512,0.99,1234,95368.0,48828416.0,200001191936.0,204800.0,2.503974,0.0
dense_130M_xm01_lr0.0005_gbsz512_beta20.99_20B,124455168,130000000.0,20000000000.0,1.493462016e+19,0.0005,512,0.99,1234,9537.0,4882944.0,20000538624.0,204800.0,2.693822,0.0
dense_130M_xm01_lr0.0005_gbsz512_beta20.99_300B,124455168,130000000.0,300000000000.0,2.240193024e+20,0.0005,512,0.99,1234,143052.0,73242624.0,300001787904.0,204800.0,2.486511,0.0
dense_130M_xm01_lr0.0005_gbsz512_beta20.99_30B,124455168,130000000.0,30000000000.0,2.240193024e+19,0.0005,512,0.99,1234,14306.0,7324672.0,30001856512.0,204800.0,2.640306,0.0
dense_130M_xm01_lr0.0005_gbsz512_beta20.99_50B,124455168,130000000.0,50000000000.0,3.73365504e+19,0.0005,512,0.99,1234,23842.0,12207104.0,50000297984.0,204800.0,2.590262,0.0
dense_130M_xm01_lr0.0005_gbsz512_beta20.99_80B,124455168,130000000.0,80000000000.0,5.973848064e+19,0.0005,512,0.99,1234,38147.0,19531264.0,80000057344.0,204800.0,2.554912,0.0
dense_130M_xm01_lr0.0005_gbsz64_beta20.99_120B,124455168,130000000.0,120000000000.0,8.960772096e+19,0.0005,64,0.99,1234,457764.0,29296896.0,120000086016.0,204800.0,2.502391,0.0
dense_130M_xm01_lr0.0005_gbsz64_beta20.99_12B,124455168,130000000.0,12000000000.0,8.960772096e+18,0.0005,64,0.99,1234,45777.0,2929728.0,12000165888.0,204800.0,2.653499,0.0
dense_130M_xm01_lr0.0005_gbsz64_beta20.99_20B,124455168,130000000.0,20000000000.0,1.493462016e+19,0.0005,64,0.99,1234,76294.0,4882816.0,20000014336.0,204800.0,2.609606,0.0
dense_130M_xm01_lr0.0005_gbsz64_beta20.99_30B,124455168,130000000.0,30000000000.0,2.240193024e+19,0.0005,64,0.99,1234,114441.0,7324224.0,30000021504.0,204800.0,2.579004,0.0
dense_130M_xm01_lr0.0005_gbsz64_beta20.99_50B,124455168,130000000.0,50000000000.0,3.73365504e+19,0.0005,64,0.99,1234,190735.0,12207040.0,50000035840.0,204800.0,2.546016,0.0
dense_130M_xm01_lr0.0005_gbsz64_beta20.99_6B,124455168,130000000.0,6000000000.0,4.480386048e+18,0.0005,64,0.99,1234,22889.0,1464896.0,6000214016.0,204800.0,2.72673,0.0
dense_130M_xm01_lr0.0005_gbsz64_beta20.99_80B,124455168,130000000.0,80000000000.0,5.973848064e+19,0.0005,64,0.99,1234,305176.0,19531264.0,80000057344.0,204800.0,2.521,0.0
dense_130M_xm01_lr0.001_gbsz1024_beta20.99_120B,124455168,130000000.0,120000000000.0,8.960772096e+19,0.001,1024,0.99,1234,28611.0,29297664.0,120003231744.0,204800.0,2.544435,0.0
dense_130M_xm01_lr0.001_gbsz1024_beta20.99_200B,124455168,130000000.0,200000000000.0,1.493462016e+20,0.001,1024,0.99,1234,47684.0,48828416.0,200001191936.0,204800.0,2.512635,0.0
dense_130M_xm01_lr0.001_gbsz1024_beta20.99_300B,124455168,130000000.0,300000000000.0,2.240193024e+20,0.001,1024,0.99,1234,71526.0,73242624.0,300001787904.0,204800.0,2.492473,0.0
dense_130M_xm01_lr0.001_gbsz1024_beta20.99_30B,124455168,130000000.0,30000000000.0,2.240193024e+19,0.001,1024,0.99,1234,7153.0,7324672.0,30001856512.0,204800.0,2.694236,0.0
dense_130M_xm01_lr0.001_gbsz1024_beta20.99_50B,124455168,130000000.0,50000000000.0,3.73365504e+19,0.001,1024,0.99,1234,11921.0,12207104.0,50000297984.0,204800.0,2.622334,0.0
dense_130M_xm01_lr0.001_gbsz1024_beta20.99_80B,124455168,130000000.0,80000000000.0,5.973848064e+19,0.001,1024,0.99,1234,19074.0,19531776.0,80002154496.0,204800.0,2.57629,0.0
dense_130M_xm01_lr0.001_gbsz128_beta20.99_120B,124455168,130000000.0,120000000000.0,8.960772096e+19,0.001,128,0.99,1234,228882.0,29296896.0,120000086016.0,204800.0,2.498765,0.0
dense_130M_xm01_lr0.001_gbsz128_beta20.99_12B,124455168,130000000.0,12000000000.0,8.960772096e+18,0.001,128,0.99,1234,22889.0,2929792.0,12000428032.0,204800.0,2.656272,0.0
dense_130M_xm01_lr0.001_gbsz128_beta20.99_20B,124455168,130000000.0,20000000000.0,1.493462016e+19,0.001,128,0.99,1234,38147.0,4882816.0,20000014336.0,204800.0,2.610379,0.0
dense_130M_xm01_lr0.001_gbsz128_beta20.99_300B,124455168,130000000.0,300000000000.0,2.240193024e+20,0.001,128,0.99,1234,572205.0,73242240.0,300000215040.0,204800.0,2.466787,0.0
dense_130M_xm01_lr0.001_gbsz128_beta20.99_30B,124455168,130000000.0,30000000000.0,2.240193024e+19,0.001,128,0.99,1234,57221.0,7324288.0,30000283648.0,204800.0,2.578589,0.0
dense_130M_xm01_lr0.001_gbsz128_beta20.99_50B,124455168,130000000.0,50000000000.0,3.73365504e+19,0.001,128,0.99,1234,95368.0,12207104.0,50000297984.0,204800.0,2.544626,0.0
dense_130M_xm01_lr0.001_gbsz128_beta20.99_6B,124455168,130000000.0,6000000000.0,4.480386048e+18,0.001,128,0.99,1234,11445.0,1464960.0,6000476160.0,204800.0,2.733779,0.0
dense_130M_xm01_lr0.001_gbsz128_beta20.99_80B,124455168,130000000.0,80000000000.0,5.973848064e+19,0.001,128,0.99,1234,152588.0,19531264.0,80000057344.0,204800.0,2.518168,0.0
dense_130M_xm01_lr0.001_gbsz16_beta20.99_12B,124455168,130000000.0,12000000000.0,8.960772096e+18,0.001,16,0.99,1234,183106.0,2929696.0,12000034816.0,204800.0,2.66529,0.0
dense_130M_xm01_lr0.001_gbsz16_beta20.99_6B,124455168,130000000.0,6000000000.0,4.480386048e+18,0.001,16,0.99,1234,91553.0,1464848.0,6000017408.0,204800.0,2.722923,0.0
dense_130M_xm01_lr0.001_gbsz256_beta20.99_120B,124455168,130000000.0,120000000000.0,8.960772096e+19,0.001,256,0.99,1234,114441.0,29296896.0,120000086016.0,204800.0,2.503758,0.0
dense_130M_xm01_lr0.001_gbsz256_beta20.99_12B,124455168,130000000.0,12000000000.0,8.960772096e+18,0.001,256,0.99,1234,11445.0,2929920.0,12000952320.0,204800.0,2.679267,0.0
dense_130M_xm01_lr0.001_gbsz256_beta20.99_200B,124455168,130000000.0,200000000000.0,1.493462016e+20,0.001,256,0.99,1234,190735.0,48828160.0,200000143360.0,204800.0,2.48207,0.0
dense_130M_xm01_lr0.001_gbsz256_beta20.99_20B,124455168,130000000.0,20000000000.0,1.493462016e+19,0.001,256,0.99,1234,19074.0,4882944.0,20000538624.0,204800.0,2.625346,0.0
dense_130M_xm01_lr0.001_gbsz256_beta20.99_300B,124455168,130000000.0,300000000000.0,2.240193024e+20,0.001,256,0.99,1234,286103.0,73242368.0,300000739328.0,204800.0,2.467905,0.0
dense_130M_xm01_lr0.001_gbsz256_beta20.99_30B,124455168,130000000.0,30000000000.0,2.240193024e+19,0.001,256,0.99,1234,28611.0,7324416.0,30000807936.0,204800.0,2.590132,0.0
dense_130M_xm01_lr0.001_gbsz256_beta20.99_50B,124455168,130000000.0,50000000000.0,3.73365504e+19,0.001,256,0.99,1234,47684.0,12207104.0,50000297984.0,204800.0,2.552958,0.0
dense_130M_xm01_lr0.001_gbsz256_beta20.99_80B,124455168,130000000.0,80000000000.0,5.973848064e+19,0.001,256,0.99,1234,76294.0,19531264.0,80000057344.0,204800.0,2.524726,0.0
dense_130M_xm01_lr0.001_gbsz32_beta20.99_12B,124455168,130000000.0,12000000000.0,8.960772096e+18,0.001,32,0.99,1234,91553.0,2929696.0,12000034816.0,204800.0,2.650551,0.0
dense_130M_xm01_lr0.001_gbsz32_beta20.99_20B,124455168,130000000.0,20000000000.0,1.493462016e+19,0.001,32,0.99,1234,152588.0,4882816.0,20000014336.0,204800.0,2.612249,0.0
dense_130M_xm01_lr0.001_gbsz32_beta20.99_30B,124455168,130000000.0,30000000000.0,2.240193024e+19,0.001,32,0.99,1234,228882.0,7324224.0,30000021504.0,204800.0,2.584395,0.0
dense_130M_xm01_lr0.001_gbsz32_beta20.99_6B,124455168,130000000.0,6000000000.0,4.480386048e+18,0.001,32,0.99,1234,45777.0,1464864.0,6000082944.0,204800.0,2.712857,0.0
dense_130M_xm01_lr0.001_gbsz512_beta20.99_120B,124455168,130000000.0,120000000000.0,8.960772096e+19,0.001,512,0.99,1234,57221.0,29297152.0,120001134592.0,204800.0,2.514739,0.0
dense_130M_xm01_lr0.001_gbsz512_beta20.99_200B,124455168,130000000.0,200000000000.0,1.493462016e+20,0.001,512,0.99,1234,95368.0,48828416.0,200001191936.0,204800.0,2.490267,0.0
dense_130M_xm01_lr0.001_gbsz512_beta20.99_20B,124455168,130000000.0,20000000000.0,1.493462016e+19,0.001,512,0.99,1234,9537.0,4882944.0,20000538624.0,204800.0,2.659157,0.0
dense_130M_xm01_lr0.001_gbsz512_beta20.99_300B,124455168,130000000.0,300000000000.0,2.240193024e+20,0.001,512,0.99,1234,143052.0,73242624.0,300001787904.0,204800.0,2.474234,0.0
dense_130M_xm01_lr0.001_gbsz512_beta20.99_30B,124455168,130000000.0,30000000000.0,2.240193024e+19,0.001,512,0.99,1234,14306.0,7324672.0,30001856512.0,204800.0,2.614123,0.0
dense_130M_xm01_lr0.001_gbsz512_beta20.99_50B,124455168,130000000.0,50000000000.0,3.73365504e+19,0.001,512,0.99,1234,23842.0,12207104.0,50000297984.0,204800.0,2.570127,0.0
dense_130M_xm01_lr0.001_gbsz512_beta20.99_80B,124455168,130000000.0,80000000000.0,5.973848064e+19,0.001,512,0.99,1234,38147.0,19531264.0,80000057344.0,204800.0,2.537995,0.0
dense_130M_xm01_lr0.001_gbsz64_beta20.99_120B,124455168,130000000.0,120000000000.0,8.960772096e+19,0.001,64,0.99,1234,457764.0,29296896.0,120000086016.0,204800.0,2.501148,0.0
dense_130M_xm01_lr0.001_gbsz64_beta20.99_12B,124455168,130000000.0,12000000000.0,8.960772096e+18,0.001,64,0.99,1234,45777.0,2929728.0,12000165888.0,204800.0,2.650966,0.0
dense_130M_xm01_lr0.001_gbsz64_beta20.99_20B,124455168,130000000.0,20000000000.0,1.493462016e+19,0.001,64,0.99,1234,76294.0,4882816.0,20000014336.0,204800.0,2.606964,0.0
dense_130M_xm01_lr0.001_gbsz64_beta20.99_30B,124455168,130000000.0,30000000000.0,2.240193024e+19,0.001,64,0.99,1234,114441.0,7324224.0,30000021504.0,204800.0,2.576124,0.0
dense_130M_xm01_lr0.001_gbsz64_beta20.99_50B,124455168,130000000.0,50000000000.0,3.73365504e+19,0.001,64,0.99,1234,190735.0,12207040.0,50000035840.0,204800.0,2.542903,0.0
dense_130M_xm01_lr0.001_gbsz64_beta20.99_6B,124455168,130000000.0,6000000000.0,4.480386048e+18,0.001,64,0.99,1234,22889.0,1464896.0,6000214016.0,204800.0,2.720115,0.0
dense_130M_xm01_lr0.001_gbsz64_beta20.99_80B,124455168,130000000.0,80000000000.0,5.973848064e+19,0.001,64,0.99,1234,305176.0,19531264.0,80000057344.0,204800.0,2.518064,0.0
dense_130M_xm01_lr0.002_gbsz1024_beta20.99_120B,124455168,130000000.0,120000000000.0,8.960772096e+19,0.002,1024,0.99,1234,28611.0,29297664.0,120003231744.0,204800.0,2.524006,0.0
dense_130M_xm01_lr0.002_gbsz1024_beta20.99_200B,124455168,130000000.0,200000000000.0,1.493462016e+20,0.002,1024,0.99,1234,47684.0,48828416.0,200001191936.0,204800.0,2.496742,0.0
dense_130M_xm01_lr0.002_gbsz1024_beta20.99_300B,124455168,130000000.0,300000000000.0,2.240193024e+20,0.002,1024,0.99,1234,71526.0,73242624.0,300001787904.0,204800.0,2.478808,0.0
dense_130M_xm01_lr0.002_gbsz1024_beta20.99_30B,124455168,130000000.0,30000000000.0,2.240193024e+19,0.002,1024,0.99,1234,7153.0,7324672.0,30001856512.0,204800.0,2.655744,0.0
dense_130M_xm01_lr0.002_gbsz1024_beta20.99_50B,124455168,130000000.0,50000000000.0,3.73365504e+19,0.002,1024,0.99,1234,11921.0,12207104.0,50000297984.0,204800.0,2.59202,0.0
dense_130M_xm01_lr0.002_gbsz1024_beta20.99_80B,124455168,130000000.0,80000000000.0,5.973848064e+19,0.002,1024,0.99,1234,19074.0,19531776.0,80002154496.0,204800.0,2.551337,0.0
dense_130M_xm01_lr0.002_gbsz128_beta20.99_120B,124455168,130000000.0,120000000000.0,8.960772096e+19,0.002,128,0.99,1234,228882.0,29296896.0,120000086016.0,204800.0,2.499225,0.0
dense_130M_xm01_lr0.002_gbsz128_beta20.99_12B,124455168,130000000.0,12000000000.0,8.960772096e+18,0.002,128,0.99,1234,22889.0,2929792.0,12000428032.0,204800.0,2.651203,0.0
dense_130M_xm01_lr0.002_gbsz128_beta20.99_200B,124455168,130000000.0,200000000000.0,1.493462016e+20,0.002,128,0.99,1234,381470.0,48828160.0,200000143360.0,204800.0,2.481647,0.0
dense_130M_xm01_lr0.002_gbsz128_beta20.99_20B,124455168,130000000.0,20000000000.0,1.493462016e+19,0.002,128,0.99,1234,38147.0,4882816.0,20000014336.0,204800.0,2.604768,0.0
dense_130M_xm01_lr0.002_gbsz128_beta20.99_300B,124455168,130000000.0,300000000000.0,2.240193024e+20,0.002,128,0.99,1234,572205.0,73242240.0,300000215040.0,204800.0,2.473047,0.0
dense_130M_xm01_lr0.002_gbsz128_beta20.99_30B,124455168,130000000.0,30000000000.0,2.240193024e+19,0.002,128,0.99,1234,57221.0,7324288.0,30000283648.0,204800.0,2.573634,0.0
dense_130M_xm01_lr0.002_gbsz128_beta20.99_50B,124455168,130000000.0,50000000000.0,3.73365504e+19,0.002,128,0.99,1234,95368.0,12207104.0,50000297984.0,204800.0,2.540878,0.0
dense_130M_xm01_lr0.002_gbsz128_beta20.99_6B,124455168,130000000.0,6000000000.0,4.480386048e+18,0.002,128,0.99,1234,11445.0,1464960.0,6000476160.0,204800.0,2.729605,0.0
dense_130M_xm01_lr0.002_gbsz128_beta20.99_80B,124455168,130000000.0,80000000000.0,5.973848064e+19,0.002,128,0.99,1234,152588.0,19531264.0,80000057344.0,204800.0,2.516152,0.0
dense_130M_xm01_lr0.002_gbsz256_beta20.99_120B,124455168,130000000.0,120000000000.0,8.960772096e+19,0.002,256,0.99,1234,114441.0,29296896.0,120000086016.0,204800.0,2.497453,0.0
dense_130M_xm01_lr0.002_gbsz256_beta20.99_12B,124455168,130000000.0,12000000000.0,8.960772096e+18,0.002,256,0.99,1234,11445.0,2929920.0,12000952320.0,204800.0,2.669772,0.0
dense_130M_xm01_lr0.002_gbsz256_beta20.99_200B,124455168,130000000.0,200000000000.0,1.493462016e+20,0.002,256,0.99,1234,190735.0,48828160.0,200000143360.0,204800.0,2.477218,0.0
dense_130M_xm01_lr0.002_gbsz256_beta20.99_20B,124455168,130000000.0,20000000000.0,1.493462016e+19,0.002,256,0.99,1234,19074.0,4882944.0,20000538624.0,204800.0,2.615963,0.0
dense_130M_xm01_lr0.002_gbsz256_beta20.99_300B,124455168,130000000.0,300000000000.0,2.240193024e+20,0.002,256,0.99,1234,286103.0,73242368.0,300000739328.0,204800.0,2.464666,0.0
dense_130M_xm01_lr0.002_gbsz256_beta20.99_30B,124455168,130000000.0,30000000000.0,2.240193024e+19,0.002,256,0.99,1234,28611.0,7324416.0,30000807936.0,204800.0,2.581068,0.0
dense_130M_xm01_lr0.002_gbsz256_beta20.99_50B,124455168,130000000.0,50000000000.0,3.73365504e+19,0.002,256,0.99,1234,47684.0,12207104.0,50000297984.0,204800.0,2.544461,0.0
dense_130M_xm01_lr0.002_gbsz256_beta20.99_80B,124455168,130000000.0,80000000000.0,5.973848064e+19,0.002,256,0.99,1234,76294.0,19531264.0,80000057344.0,204800.0,2.516879,0.0
dense_130M_xm01_lr0.002_gbsz32_beta20.99_12B,124455168,130000000.0,12000000000.0,8.960772096e+18,0.002,32,0.99,1234,91553.0,2929696.0,12000034816.0,204800.0,2.665993,0.0
dense_130M_xm01_lr0.002_gbsz32_beta20.99_20B,124455168,130000000.0,20000000000.0,1.493462016e+19,0.002,32,0.99,1234,152588.0,4882816.0,20000014336.0,204800.0,2.629984,0.0
dense_130M_xm01_lr0.002_gbsz32_beta20.99_30B,124455168,130000000.0,30000000000.0,2.240193024e+19,0.002,32,0.99,1234,228882.0,7324224.0,30000021504.0,204800.0,2.60515,0.0
dense_130M_xm01_lr0.002_gbsz32_beta20.99_6B,124455168,130000000.0,6000000000.0,4.480386048e+18,0.002,32,0.99,1234,45777.0,1464864.0,6000082944.0,204800.0,2.7238,0.0
dense_130M_xm01_lr0.002_gbsz512_beta20.99_120B,124455168,130000000.0,120000000000.0,8.960772096e+19,0.002,512,0.99,1234,57221.0,29297152.0,120001134592.0,204800.0,2.504148,0.0
dense_130M_xm01_lr0.002_gbsz512_beta20.99_200B,124455168,130000000.0,200000000000.0,1.493462016e+20,0.002,512,0.99,1234,95368.0,48828416.0,200001191936.0,204800.0,2.481209,0.0
dense_130M_xm01_lr0.002_gbsz512_beta20.99_20B,124455168,130000000.0,20000000000.0,1.493462016e+19,0.002,512,0.99,1234,9537.0,4882944.0,20000538624.0,204800.0,2.650514,0.0
dense_130M_xm01_lr0.002_gbsz512_beta20.99_300B,124455168,130000000.0,300000000000.0,2.240193024e+20,0.002,512,0.99,1234,143052.0,73242624.0,300001787904.0,204800.0,2.467109,0.0
dense_130M_xm01_lr0.002_gbsz512_beta20.99_30B,124455168,130000000.0,30000000000.0,2.240193024e+19,0.002,512,0.99,1234,14306.0,7324672.0,30001856512.0,204800.0,2.604534,0.0
dense_130M_xm01_lr0.002_gbsz512_beta20.99_50B,124455168,130000000.0,50000000000.0,3.73365504e+19,0.002,512,0.99,1234,23842.0,12207104.0,50000297984.0,204800.0,2.559521,0.0
dense_130M_xm01_lr0.002_gbsz512_beta20.99_80B,124455168,130000000.0,80000000000.0,5.973848064e+19,0.002,512,0.99,1234,38147.0,19531264.0,80000057344.0,204800.0,2.526875,0.0
dense_130M_xm01_lr0.002_gbsz64_beta20.99_120B,124455168,130000000.0,120000000000.0,8.960772096e+19,0.002,64,0.99,1234,457764.0,29296896.0,120000086016.0,204800.0,2.511897,0.0
dense_130M_xm01_lr0.002_gbsz64_beta20.99_12B,124455168,130000000.0,12000000000.0,8.960772096e+18,0.002,64,0.99,1234,45777.0,2929728.0,12000165888.0,204800.0,2.651606,0.0
dense_130M_xm01_lr0.002_gbsz64_beta20.99_20B,124455168,130000000.0,20000000000.0,1.493462016e+19,0.002,64,0.99,1234,76294.0,4882816.0,20000014336.0,204800.0,2.611023,0.0
dense_130M_xm01_lr0.002_gbsz64_beta20.99_30B,124455168,130000000.0,30000000000.0,2.240193024e+19,0.002,64,0.99,1234,114441.0,7324224.0,30000021504.0,204800.0,2.581729,0.0
dense_130M_xm01_lr0.002_gbsz64_beta20.99_50B,124455168,130000000.0,50000000000.0,3.73365504e+19,0.002,64,0.99,1234,190735.0,12207040.0,50000035840.0,204800.0,2.550896,0.0
dense_130M_xm01_lr0.002_gbsz64_beta20.99_6B,124455168,130000000.0,6000000000.0,4.480386048e+18,0.002,64,0.99,1234,22889.0,1464896.0,6000214016.0,204800.0,2.717376,0.0
dense_130M_xm01_lr0.002_gbsz64_beta20.99_80B,124455168,130000000.0,80000000000.0,5.973848064e+19,0.002,64,0.99,1234,305176.0,19531264.0,80000057344.0,204800.0,2.527923,0.0
dense_130M_xm01_lr0.004_gbsz1024_beta20.99_120B,124455168,130000000.0,120000000000.0,8.960772096e+19,0.004,1024,0.99,1234,28611.0,29297664.0,120003231744.0,204800.0,2.514878,0.0
dense_130M_xm01_lr0.004_gbsz1024_beta20.99_200B,124455168,130000000.0,200000000000.0,1.493462016e+20,0.004,1024,0.99,1234,47684.0,48828416.0,200001191936.0,204800.0,2.488922,0.0
dense_130M_xm01_lr0.004_gbsz1024_beta20.99_300B,124455168,130000000.0,300000000000.0,2.240193024e+20,0.004,1024,0.99,1234,71526.0,73242624.0,300001787904.0,204800.0,2.472927,0.0
dense_130M_xm01_lr0.004_gbsz1024_beta20.99_30B,124455168,130000000.0,30000000000.0,2.240193024e+19,0.004,1024,0.99,1234,7153.0,7324672.0,30001856512.0,204800.0,2.65261,0.0
dense_130M_xm01_lr0.004_gbsz1024_beta20.99_50B,124455168,130000000.0,50000000000.0,3.73365504e+19,0.004,1024,0.99,1234,11921.0,12207104.0,50000297984.0,204800.0,2.584661,0.0
dense_130M_xm01_lr0.004_gbsz1024_beta20.99_80B,124455168,130000000.0,80000000000.0,5.973848064e+19,0.004,1024,0.99,1234,19074.0,19531776.0,80002154496.0,204800.0,2.54512,0.0
dense_130M_xm01_lr0.004_gbsz128_beta20.99_120B,124455168,130000000.0,120000000000.0,8.960772096e+19,0.004,128,0.99,1234,228882.0,29296896.0,120000086016.0,204800.0,2.517036,0.0
dense_130M_xm01_lr0.004_gbsz128_beta20.99_12B,124455168,130000000.0,12000000000.0,8.960772096e+18,0.004,128,0.99,1234,22889.0,2929792.0,12000428032.0,204800.0,2.66104,0.0
dense_130M_xm01_lr0.004_gbsz128_beta20.99_200B,124455168,130000000.0,200000000000.0,1.493462016e+20,0.004,128,0.99,1234,381470.0,48828160.0,200000143360.0,204800.0,2.501025,0.0
dense_130M_xm01_lr0.004_gbsz128_beta20.99_20B,124455168,130000000.0,20000000000.0,1.493462016e+19,0.004,128,0.99,1234,38147.0,4882816.0,20000014336.0,204800.0,2.618767,0.0
dense_130M_xm01_lr0.004_gbsz128_beta20.99_300B,124455168,130000000.0,300000000000.0,2.240193024e+20,0.004,128,0.99,1234,572205.0,73242240.0,300000215040.0,204800.0,2.490505,0.0
dense_130M_xm01_lr0.004_gbsz128_beta20.99_30B,124455168,130000000.0,30000000000.0,2.240193024e+19,0.004,128,0.99,1234,57221.0,7324288.0,30000283648.0,204800.0,2.589023,0.0
dense_130M_xm01_lr0.004_gbsz128_beta20.99_50B,124455168,130000000.0,50000000000.0,3.73365504e+19,0.004,128,0.99,1234,95368.0,12207104.0,50000297984.0,204800.0,2.556748,0.0
dense_130M_xm01_lr0.004_gbsz128_beta20.99_6B,124455168,130000000.0,6000000000.0,4.480386048e+18,0.004,128,0.99,1234,11445.0,1464960.0,6000476160.0,204800.0,2.731906,0.0
dense_130M_xm01_lr0.004_gbsz128_beta20.99_80B,124455168,130000000.0,80000000000.0,5.973848064e+19,0.004,128,0.99,1234,152588.0,19531264.0,80000057344.0,204800.0,2.532745,0.0
dense_130M_xm01_lr0.004_gbsz256_beta20.99_120B,124455168,130000000.0,120000000000.0,8.960772096e+19,0.004,256,0.99,1234,114441.0,29296896.0,120000086016.0,204800.0,2.500762,0.0
dense_130M_xm01_lr0.004_gbsz256_beta20.99_12B,124455168,130000000.0,12000000000.0,8.960772096e+18,0.004,256,0.99,1234,11445.0,2929920.0,12000952320.0,204800.0,2.666396,0.0
dense_130M_xm01_lr0.004_gbsz256_beta20.99_200B,124455168,130000000.0,200000000000.0,1.493462016e+20,0.004,256,0.99,1234,190735.0,48828160.0,200000143360.0,204800.0,2.483505,0.0
dense_130M_xm01_lr0.004_gbsz256_beta20.99_20B,124455168,130000000.0,20000000000.0,1.493462016e+19,0.004,256,0.99,1234,19074.0,4882944.0,20000538624.0,204800.0,2.611825,0.0
dense_130M_xm01_lr0.004_gbsz256_beta20.99_300B,124455168,130000000.0,300000000000.0,2.240193024e+20,0.004,256,0.99,1234,286103.0,73242368.0,300000739328.0,204800.0,2.471552,0.0
dense_130M_xm01_lr0.004_gbsz256_beta20.99_30B,124455168,130000000.0,30000000000.0,2.240193024e+19,0.004,256,0.99,1234,28611.0,7324416.0,30000807936.0,204800.0,2.576962,0.0
dense_130M_xm01_lr0.004_gbsz256_beta20.99_50B,124455168,130000000.0,50000000000.0,3.73365504e+19,0.004,256,0.99,1234,47684.0,12207104.0,50000297984.0,204800.0,2.542501,0.0
dense_130M_xm01_lr0.004_gbsz256_beta20.99_80B,124455168,130000000.0,80000000000.0,5.973848064e+19,0.004,256,0.99,1234,76294.0,19531264.0,80000057344.0,204800.0,2.517471,0.0
dense_130M_xm01_lr0.004_gbsz512_beta20.99_120B,124455168,130000000.0,120000000000.0,8.960772096e+19,0.004,512,0.99,1234,57221.0,29297152.0,120001134592.0,204800.0,2.502928,0.0
dense_130M_xm01_lr0.004_gbsz512_beta20.99_200B,124455168,130000000.0,200000000000.0,1.493462016e+20,0.004,512,0.99,1234,95368.0,48828416.0,200001191936.0,204800.0,2.480952,0.0
dense_130M_xm01_lr0.004_gbsz512_beta20.99_20B,124455168,130000000.0,20000000000.0,1.493462016e+19,0.004,512,0.99,1234,9537.0,4882944.0,20000538624.0,204800.0,2.639462,0.0
dense_130M_xm01_lr0.004_gbsz512_beta20.99_300B,124455168,130000000.0,300000000000.0,2.240193024e+20,0.004,512,0.99,1234,143052.0,73242624.0,300001787904.0,204800.0,2.467255,0.0
dense_130M_xm01_lr0.004_gbsz512_beta20.99_30B,124455168,130000000.0,30000000000.0,2.240193024e+19,0.004,512,0.99,1234,14306.0,7324672.0,30001856512.0,204800.0,2.597492,0.0
dense_130M_xm01_lr0.004_gbsz512_beta20.99_50B,124455168,130000000.0,50000000000.0,3.73365504e+19,0.004,512,0.99,1234,23842.0,12207104.0,50000297984.0,204800.0,2.555252,0.0
dense_130M_xm01_lr0.004_gbsz512_beta20.99_80B,124455168,130000000.0,80000000000.0,5.973848064e+19,0.004,512,0.99,1234,38147.0,19531264.0,80000057344.0,204800.0,2.524304,0.0
dense_130M_xm01_lr0.004_gbsz64_beta20.99_120B,124455168,130000000.0,120000000000.0,8.960772096e+19,0.004,64,0.99,1234,457764.0,29296896.0,120000086016.0,204800.0,2.546942,0.0
dense_130M_xm01_lr0.004_gbsz64_beta20.99_12B,124455168,130000000.0,12000000000.0,8.960772096e+18,0.004,64,0.99,1234,45777.0,2929728.0,12000165888.0,204800.0,2.674358,0.0
dense_130M_xm01_lr0.004_gbsz64_beta20.99_20B,124455168,130000000.0,20000000000.0,1.493462016e+19,0.004,64,0.99,1234,76294.0,4882816.0,20000014336.0,204800.0,2.636024,0.0
dense_130M_xm01_lr0.004_gbsz64_beta20.99_30B,124455168,130000000.0,30000000000.0,2.240193024e+19,0.004,64,0.99,1234,114441.0,7324224.0,30000021504.0,204800.0,2.610687,0.0
dense_130M_xm01_lr0.004_gbsz64_beta20.99_50B,124455168,130000000.0,50000000000.0,3.73365504e+19,0.004,64,0.99,1234,190735.0,12207040.0,50000035840.0,204800.0,2.583245,0.0
dense_130M_xm01_lr0.004_gbsz64_beta20.99_6B,124455168,130000000.0,6000000000.0,4.480386048e+18,0.004,64,0.99,1234,22889.0,1464896.0,6000214016.0,204800.0,2.738171,0.0
dense_130M_xm01_lr0.004_gbsz64_beta20.99_80B,124455168,130000000.0,80000000000.0,5.973848064e+19,0.004,64,0.99,1234,305176.0,19531264.0,80000057344.0,204800.0,2.562351,0.0
dense_1B_xm01_lr0.00025_gbsz1024_beta20.95_120B,983138304,1000000000.0,120000000000.0,7.0785957888e+20,0.00025,1024,0.95,1234,28611.0,29297664.0,120003231744.0,204800.0,2.178256,0.0
dense_1B_xm01_lr0.00025_gbsz1024_beta20.95_200B,983138304,1000000000.0,200000000000.0,1.1797659648e+21,0.00025,1024,0.95,1234,47684.0,48828416.0,200001191936.0,204800.0,2.137517,0.0
dense_1B_xm01_lr0.00025_gbsz1024_beta20.95_300B,983138304,1000000000.0,300000000000.0,1.7696489472e+21,0.00025,1024,0.95,1234,71526.0,73242624.0,300001787904.0,204800.0,2.11094,0.0
dense_1B_xm01_lr0.00025_gbsz1024_beta20.95_30B,983138304,1000000000.0,30000000000.0,1.7696489472e+20,0.00025,1024,0.95,1234,7153.0,7324672.0,30001856512.0,204800.0,2.374241,0.0
dense_1B_xm01_lr0.00025_gbsz1024_beta20.95_50B,983138304,1000000000.0,50000000000.0,2.949414912e+20,0.00025,1024,0.95,1234,11921.0,12207104.0,50000297984.0,204800.0,2.282136,0.0
dense_1B_xm01_lr0.00025_gbsz1024_beta20.95_80B,983138304,1000000000.0,80000000000.0,4.7190638592e+20,0.00025,1024,0.95,1234,19074.0,19531776.0,80002154496.0,204800.0,2.219822,0.0
dense_1B_xm01_lr0.00025_gbsz128_beta20.95_120B,983138304,1000000000.0,120000000000.0,7.0785957888e+20,0.00025,128,0.95,1234,228882.0,29296896.0,120000086016.0,204800.0,2.140613,0.0
dense_1B_xm01_lr0.00025_gbsz128_beta20.95_12B,983138304,1000000000.0,12000000000.0,7.0785957888e+19,0.00025,128,0.95,1234,22889.0,2929792.0,12000428032.0,204800.0,2.358242,0.0
dense_1B_xm01_lr0.00025_gbsz128_beta20.95_200B,983138304,1000000000.0,200000000000.0,1.1797659648e+21,0.00025,128,0.95,1234,381470.0,48828160.0,200000143360.0,204800.0,2.109359,0.0
dense_1B_xm01_lr0.00025_gbsz128_beta20.95_20B,983138304,1000000000.0,20000000000.0,1.1797659648e+20,0.00025,128,0.95,1234,38147.0,4882816.0,20000014336.0,204800.0,2.292989,0.0
dense_1B_xm01_lr0.00025_gbsz128_beta20.95_300B,983138304,1000000000.0,300000000000.0,1.7696489472e+21,0.00025,128,0.95,1234,572205.0,73242240.0,300000215040.0,204800.0,2.088229,0.0
dense_1B_xm01_lr0.00025_gbsz128_beta20.95_30B,983138304,1000000000.0,30000000000.0,1.7696489472e+20,0.00025,128,0.95,1234,57221.0,7324288.0,30000283648.0,204800.0,2.250224,0.0
dense_1B_xm01_lr0.00025_gbsz128_beta20.95_50B,983138304,1000000000.0,50000000000.0,2.949414912e+20,0.00025,128,0.95,1234,95368.0,12207104.0,50000297984.0,204800.0,2.204962,0.0
dense_1B_xm01_lr0.00025_gbsz128_beta20.95_6B,983138304,1000000000.0,6000000000.0,3.5392978944e+19,0.00025,128,0.95,1234,11445.0,1464960.0,6000476160.0,204800.0,2.475482,0.0
dense_1B_xm01_lr0.00025_gbsz128_beta20.95_80B,983138304,1000000000.0,80000000000.0,4.7190638592e+20,0.00025,128,0.95,1234,152588.0,19531264.0,80000057344.0,204800.0,2.168934,0.0
dense_1B_xm01_lr0.00025_gbsz256_beta20.95_120B,983138304,1000000000.0,120000000000.0,7.0785957888e+20,0.00025,256,0.95,1234,114441.0,29296896.0,120000086016.0,204800.0,2.144819,0.0
dense_1B_xm01_lr0.00025_gbsz256_beta20.95_12B,983138304,1000000000.0,12000000000.0,7.0785957888e+19,0.00025,256,0.95,1234,11445.0,2929920.0,12000952320.0,204800.0,2.395494,0.0
dense_1B_xm01_lr0.00025_gbsz256_beta20.95_200B,983138304,1000000000.0,200000000000.0,1.1797659648e+21,0.00025,256,0.95,1234,190735.0,48828160.0,200000143360.0,204800.0,2.112604,0.0
dense_1B_xm01_lr0.00025_gbsz256_beta20.95_20B,983138304,1000000000.0,20000000000.0,1.1797659648e+20,0.00025,256,0.95,1234,19074.0,4882944.0,20000538624.0,204800.0,2.314894,0.0
dense_1B_xm01_lr0.00025_gbsz256_beta20.95_300B,983138304,1000000000.0,300000000000.0,1.7696489472e+21,0.00025,256,0.95,1234,286103.0,73242368.0,300000739328.0,204800.0,2.089954,0.0
dense_1B_xm01_lr0.00025_gbsz256_beta20.95_30B,983138304,1000000000.0,30000000000.0,1.7696489472e+20,0.00025,256,0.95,1234,28611.0,7324416.0,30000807936.0,204800.0,2.264144,0.0
dense_1B_xm01_lr0.00025_gbsz256_beta20.95_50B,983138304,1000000000.0,50000000000.0,2.949414912e+20,0.00025,256,0.95,1234,47684.0,12207104.0,50000297984.0,204800.0,2.212607,0.0
dense_1B_xm01_lr0.00025_gbsz256_beta20.95_80B,983138304,1000000000.0,80000000000.0,4.7190638592e+20,0.00025,256,0.95,1234,76294.0,19531264.0,80000057344.0,204800.0,2.173829,0.0
dense_1B_xm01_lr0.00025_gbsz32_beta20.95_6B,983138304,1000000000.0,6000000000.0,3.5392978944e+19,0.00025,32,0.95,1234,45777.0,1464864.0,6000082944.0,204800.0,2.43258,0.0
dense_1B_xm01_lr0.00025_gbsz512_beta20.95_120B,983138304,1000000000.0,120000000000.0,7.0785957888e+20,0.00025,512,0.95,1234,57221.0,29297152.0,120001134592.0,204800.0,2.155124,0.0
dense_1B_xm01_lr0.00025_gbsz512_beta20.95_200B,983138304,1000000000.0,200000000000.0,1.1797659648e+21,0.00025,512,0.95,1234,95368.0,48828416.0,200001191936.0,204800.0,2.120964,0.0
dense_1B_xm01_lr0.00025_gbsz512_beta20.95_20B,983138304,1000000000.0,20000000000.0,1.1797659648e+20,0.00025,512,0.95,1234,9537.0,4882944.0,20000538624.0,204800.0,2.365251,0.0
dense_1B_xm01_lr0.00025_gbsz512_beta20.95_300B,983138304,1000000000.0,300000000000.0,1.7696489472e+21,0.00025,512,0.95,1234,143052.0,73242624.0,300001787904.0,204800.0,2.098027,0.0
dense_1B_xm01_lr0.00025_gbsz512_beta20.95_30B,983138304,1000000000.0,30000000000.0,1.7696489472e+20,0.00025,512,0.95,1234,14306.0,7324672.0,30001856512.0,204800.0,2.298546,0.0
dense_1B_xm01_lr0.00025_gbsz512_beta20.95_50B,983138304,1000000000.0,50000000000.0,2.949414912e+20,0.00025,512,0.95,1234,23842.0,12207104.0,50000297984.0,204800.0,2.233849,0.0
dense_1B_xm01_lr0.00025_gbsz512_beta20.95_80B,983138304,1000000000.0,80000000000.0,4.7190638592e+20,0.00025,512,0.95,1234,38147.0,19531264.0,80000057344.0,204800.0,2.187658,0.0
dense_1B_xm01_lr0.00025_gbsz64_beta20.95_120B,983138304,1000000000.0,120000000000.0,7.0785957888e+20,0.00025,64,0.95,1234,457764.0,29296896.0,120000086016.0,204800.0,2.145429,0.0
dense_1B_xm01_lr0.00025_gbsz64_beta20.95_12B,983138304,1000000000.0,12000000000.0,7.0785957888e+19,0.00025,64,0.95,1234,45777.0,2929728.0,12000165888.0,204800.0,2.342521,0.0
dense_1B_xm01_lr0.00025_gbsz64_beta20.95_200B,983138304,1000000000.0,200000000000.0,1.1797659648e+21,0.00025,64,0.95,1234,762940.0,48828160.0,200000143360.0,204800.0,2.116967,0.0
dense_1B_xm01_lr0.00025_gbsz64_beta20.95_20B,983138304,1000000000.0,20000000000.0,1.1797659648e+20,0.00025,64,0.95,1234,76294.0,4882816.0,20000014336.0,204800.0,2.285919,0.0
dense_1B_xm01_lr0.00025_gbsz64_beta20.95_300B,983138304,1000000000.0,300000000000.0,1.7696489472e+21,0.00025,64,0.95,1234,1144410.0,73242240.0,300000215040.0,204800.0,2.103132,0.0
dense_1B_xm01_lr0.00025_gbsz64_beta20.95_30B,983138304,1000000000.0,30000000000.0,1.7696489472e+20,0.00025,64,0.95,1234,114441.0,7324224.0,30000021504.0,204800.0,2.247964,0.0
dense_1B_xm01_lr0.00025_gbsz64_beta20.95_50B,983138304,1000000000.0,50000000000.0,2.949414912e+20,0.00025,64,0.95,1234,190735.0,12207040.0,50000035840.0,204800.0,2.206547,0.0
dense_1B_xm01_lr0.00025_gbsz64_beta20.95_6B,983138304,1000000000.0,6000000000.0,3.5392978944e+19,0.00025,64,0.95,1234,22889.0,1464896.0,6000214016.0,204800.0,2.44139,0.0
dense_1B_xm01_lr0.00025_gbsz64_beta20.95_80B,983138304,1000000000.0,80000000000.0,4.7190638592e+20,0.00025,64,0.95,1234,305176.0,19531264.0,80000057344.0,204800.0,2.171949,0.0
dense_1B_xm01_lr0.0005_gbsz1024_beta20.95_120B,983138304,1000000000.0,120000000000.0,7.0785957888e+20,0.0005,1024,0.95,1234,28611.0,29297664.0,120003231744.0,204800.0,2.164747,0.0
dense_1B_xm01_lr0.0005_gbsz1024_beta20.95_200B,983138304,1000000000.0,200000000000.0,1.1797659648e+21,0.0005,1024,0.95,1234,47684.0,48828416.0,200001191936.0,204800.0,2.129413,0.0
dense_1B_xm01_lr0.0005_gbsz1024_beta20.95_300B,983138304,1000000000.0,300000000000.0,1.7696489472e+21,0.0005,1024,0.95,1234,71526.0,73242624.0,300001787904.0,204800.0,2.103922,0.0
dense_1B_xm01_lr0.0005_gbsz1024_beta20.95_30B,983138304,1000000000.0,30000000000.0,1.7696489472e+20,0.0005,1024,0.95,1234,7153.0,7324672.0,30001856512.0,204800.0,2.318772,0.0
dense_1B_xm01_lr0.0005_gbsz1024_beta20.95_50B,983138304,1000000000.0,50000000000.0,2.949414912e+20,0.0005,1024,0.95,1234,11921.0,12207104.0,50000297984.0,204800.0,2.247397,0.0
dense_1B_xm01_lr0.0005_gbsz1024_beta20.95_80B,983138304,1000000000.0,80000000000.0,4.7190638592e+20,0.0005,1024,0.95,1234,19074.0,19531776.0,80002154496.0,204800.0,2.198534,0.0
dense_1B_xm01_lr0.0005_gbsz128_beta20.95_120B,983138304,1000000000.0,120000000000.0,7.0785957888e+20,0.0005,128,0.95,1234,228882.0,29296896.0,120000086016.0,204800.0,2.136785,0.0
dense_1B_xm01_lr0.0005_gbsz128_beta20.95_12B,983138304,1000000000.0,12000000000.0,7.0785957888e+19,0.0005,128,0.95,1234,22889.0,2929792.0,12000428032.0,204800.0,2.339358,0.0
dense_1B_xm01_lr0.0005_gbsz128_beta20.95_200B,983138304,1000000000.0,200000000000.0,1.1797659648e+21,0.0005,128,0.95,1234,381470.0,48828160.0,200000143360.0,204800.0,2.106956,0.0
dense_1B_xm01_lr0.0005_gbsz128_beta20.95_20B,983138304,1000000000.0,20000000000.0,1.1797659648e+20,0.0005,128,0.95,1234,38147.0,4882816.0,20000014336.0,204800.0,2.281485,0.0
dense_1B_xm01_lr0.0005_gbsz128_beta20.95_300B,983138304,1000000000.0,300000000000.0,1.7696489472e+21,0.0005,128,0.95,1234,572205.0,73242240.0,300000215040.0,204800.0,2.086754,0.0
dense_1B_xm01_lr0.0005_gbsz128_beta20.95_30B,983138304,1000000000.0,30000000000.0,1.7696489472e+20,0.0005,128,0.95,1234,57221.0,7324288.0,30000283648.0,204800.0,2.243024,0.0
dense_1B_xm01_lr0.0005_gbsz128_beta20.95_50B,983138304,1000000000.0,50000000000.0,2.949414912e+20,0.0005,128,0.95,1234,95368.0,12207104.0,50000297984.0,204800.0,2.200296,0.0
dense_1B_xm01_lr0.0005_gbsz128_beta20.95_6B,983138304,1000000000.0,6000000000.0,3.5392978944e+19,0.0005,128,0.95,1234,11445.0,1464960.0,6000476160.0,204800.0,2.442837,0.0
dense_1B_xm01_lr0.0005_gbsz128_beta20.95_80B,983138304,1000000000.0,80000000000.0,4.7190638592e+20,0.0005,128,0.95,1234,152588.0,19531264.0,80000057344.0,204800.0,2.164629,0.0
dense_1B_xm01_lr0.0005_gbsz256_beta20.95_120B,983138304,1000000000.0,120000000000.0,7.0785957888e+20,0.0005,256,0.95,1234,114441.0,29296896.0,120000086016.0,204800.0,2.140261,0.0
dense_1B_xm01_lr0.0005_gbsz256_beta20.95_12B,983138304,1000000000.0,12000000000.0,7.0785957888e+19,0.0005,256,0.95,1234,11445.0,2929920.0,12000952320.0,204800.0,2.361171,0.0
dense_1B_xm01_lr0.0005_gbsz256_beta20.95_200B,983138304,1000000000.0,200000000000.0,1.1797659648e+21,0.0005,256,0.95,1234,190735.0,48828160.0,200000143360.0,204800.0,2.105955,0.0
dense_1B_xm01_lr0.0005_gbsz256_beta20.95_20B,983138304,1000000000.0,20000000000.0,1.1797659648e+20,0.0005,256,0.95,1234,19074.0,4882944.0,20000538624.0,204800.0,2.293661,0.0
dense_1B_xm01_lr0.0005_gbsz256_beta20.95_300B,983138304,1000000000.0,300000000000.0,1.7696489472e+21,0.0005,256,0.95,1234,286103.0,73242368.0,300000739328.0,204800.0,2.084332,0.0
dense_1B_xm01_lr0.0005_gbsz256_beta20.95_30B,983138304,1000000000.0,30000000000.0,1.7696489472e+20,0.0005,256,0.95,1234,28611.0,7324416.0,30000807936.0,204800.0,2.25048,0.0
dense_1B_xm01_lr0.0005_gbsz256_beta20.95_50B,983138304,1000000000.0,50000000000.0,2.949414912e+20,0.0005,256,0.95,1234,47684.0,12207104.0,50000297984.0,204800.0,2.205134,0.0
dense_1B_xm01_lr0.0005_gbsz256_beta20.95_80B,983138304,1000000000.0,80000000000.0,4.7190638592e+20,0.0005,256,0.95,1234,76294.0,19531264.0,80000057344.0,204800.0,2.169182,0.0
dense_1B_xm01_lr0.0005_gbsz32_beta20.95_6B,983138304,1000000000.0,6000000000.0,3.5392978944e+19,0.0005,32,0.95,1234,45777.0,1464864.0,6000082944.0,204800.0,2.433768,0.0
dense_1B_xm01_lr0.0005_gbsz512_beta20.95_120B,983138304,1000000000.0,120000000000.0,7.0785957888e+20,0.0005,512,0.95,1234,57221.0,29297152.0,120001134592.0,204800.0,2.147128,0.0
dense_1B_xm01_lr0.0005_gbsz512_beta20.95_200B,983138304,1000000000.0,200000000000.0,1.1797659648e+21,0.0005,512,0.95,1234,95368.0,48828416.0,200001191936.0,204800.0,2.112679,0.0
dense_1B_xm01_lr0.0005_gbsz512_beta20.95_20B,983138304,1000000000.0,20000000000.0,1.1797659648e+20,0.0005,512,0.95,1234,9537.0,4882944.0,20000538624.0,204800.0,2.324844,0.0
dense_1B_xm01_lr0.0005_gbsz512_beta20.95_300B,983138304,1000000000.0,300000000000.0,1.7696489472e+21,0.0005,512,0.95,1234,143052.0,73242624.0,300001787904.0,204800.0,2.08859,0.0
dense_1B_xm01_lr0.0005_gbsz512_beta20.95_30B,983138304,1000000000.0,30000000000.0,1.7696489472e+20,0.0005,512,0.95,1234,14306.0,7324672.0,30001856512.0,204800.0,2.270792,0.0
dense_1B_xm01_lr0.0005_gbsz512_beta20.95_50B,983138304,1000000000.0,50000000000.0,2.949414912e+20,0.0005,512,0.95,1234,23842.0,12207104.0,50000297984.0,204800.0,2.217402,0.0
dense_1B_xm01_lr0.0005_gbsz512_beta20.95_80B,983138304,1000000000.0,80000000000.0,4.7190638592e+20,0.0005,512,0.95,1234,38147.0,19531264.0,80000057344.0,204800.0,2.177389,0.0
dense_1B_xm01_lr0.0005_gbsz64_beta20.95_120B,983138304,1000000000.0,120000000000.0,7.0785957888e+20,0.0005,64,0.95,1234,457764.0,29296896.0,120000086016.0,204800.0,2.153106,0.0
dense_1B_xm01_lr0.0005_gbsz64_beta20.95_12B,983138304,1000000000.0,12000000000.0,7.0785957888e+19,0.0005,64,0.95,1234,45777.0,2929728.0,12000165888.0,204800.0,2.336284,0.0
dense_1B_xm01_lr0.0005_gbsz64_beta20.95_200B,983138304,1000000000.0,200000000000.0,1.1797659648e+21,0.0005,64,0.95,1234,762940.0,48828160.0,200000143360.0,204800.0,2.126251,0.0
dense_1B_xm01_lr0.0005_gbsz64_beta20.95_20B,983138304,1000000000.0,20000000000.0,1.1797659648e+20,0.0005,64,0.95,1234,76294.0,4882816.0,20000014336.0,204800.0,2.284809,0.0
dense_1B_xm01_lr0.0005_gbsz64_beta20.95_30B,983138304,1000000000.0,30000000000.0,1.7696489472e+20,0.0005,64,0.95,1234,114441.0,7324224.0,30000021504.0,204800.0,2.249933,0.0
dense_1B_xm01_lr0.0005_gbsz64_beta20.95_50B,983138304,1000000000.0,50000000000.0,2.949414912e+20,0.0005,64,0.95,1234,190735.0,12207040.0,50000035840.0,204800.0,2.211026,0.0
dense_1B_xm01_lr0.0005_gbsz64_beta20.95_6B,983138304,1000000000.0,6000000000.0,3.5392978944e+19,0.0005,64,0.95,1234,22889.0,1464896.0,6000214016.0,204800.0,2.424955,0.0
dense_1B_xm01_lr0.0005_gbsz64_beta20.95_80B,983138304,1000000000.0,80000000000.0,4.7190638592e+20,0.0005,64,0.95,1234,305176.0,19531264.0,80000057344.0,204800.0,2.178352,0.0
dense_1B_xm01_lr0.001_gbsz128_beta20.95_12B,983138304,1000000000.0,12000000000.0,7.0785957888e+19,0.001,128,0.95,1234,22889.0,2929792.0,12000428032.0,204800.0,2.3466685,0.0025174999999999503
dense_1B_xm01_lr0.001_gbsz128_beta20.95_6B,983138304,1000000000.0,6000000000.0,3.5392978944e+19,0.001,128,0.95,1234,11445.0,1464960.0,6000476160.0,204800.0,2.443623,0.006021000000000053
dense_1B_xm01_lr0.001_gbsz256_beta20.95_12B,983138304,1000000000.0,12000000000.0,7.0785957888e+19,0.001,256,0.95,1234,11445.0,2929920.0,12000952320.0,204800.0,2.360455,0.002956999999999876
dense_1B_xm01_lr0.001_gbsz32_beta20.95_6B,983138304,1000000000.0,6000000000.0,3.5392978944e+19,0.001,32,0.95,1234,45777.0,1464864.0,6000082944.0,204800.0,2.444338,0.0
dense_1B_xm01_lr0.001_gbsz64_beta20.95_12B,983138304,1000000000.0,12000000000.0,7.0785957888e+19,0.001,64,0.95,1234,45777.0,2929728.0,12000165888.0,204800.0,2.346344,0.0
dense_1B_xm01_lr0.001_gbsz64_beta20.95_6B,983138304,1000000000.0,6000000000.0,3.5392978944e+19,0.001,64,0.95,1234,22889.0,1464896.0,6000214016.0,204800.0,2.430537,0.0
dense_1B_xm01_lr0.002_gbsz1024_beta20.95_120B,983138304,1000000000.0,120000000000.0,7.0785957888e+20,0.002,1024,0.95,1234,28611.0,29297664.0,120003231744.0,204800.0,2.161302,0.0
dense_1B_xm01_lr0.002_gbsz1024_beta20.95_200B,983138304,1000000000.0,200000000000.0,1.1797659648e+21,0.002,1024,0.95,1234,47684.0,48828416.0,200001191936.0,204800.0,2.119013,0.0
dense_1B_xm01_lr0.002_gbsz1024_beta20.95_300B,983138304,1000000000.0,300000000000.0,1.7696489472e+21,0.002,1024,0.95,1234,71526.0,73242624.0,300001787904.0,204800.0,2.09168,0.0
dense_1B_xm01_lr0.002_gbsz1024_beta20.95_30B,983138304,1000000000.0,30000000000.0,1.7696489472e+20,0.002,1024,0.95,1234,7153.0,7324672.0,30001856512.0,204800.0,2.314998,0.0
dense_1B_xm01_lr0.002_gbsz1024_beta20.95_50B,983138304,1000000000.0,50000000000.0,2.949414912e+20,0.002,1024,0.95,1234,11921.0,12207104.0,50000297984.0,204800.0,2.250301,0.0
dense_1B_xm01_lr0.002_gbsz1024_beta20.95_80B,983138304,1000000000.0,80000000000.0,4.7190638592e+20,0.002,1024,0.95,1234,19074.0,19531776.0,80002154496.0,204800.0,2.199859,0.0
dense_1B_xm01_lr0.002_gbsz128_beta20.95_120B,983138304,1000000000.0,120000000000.0,7.0785957888e+20,0.002,128,0.95,1234,228882.0,29296896.0,120000086016.0,204800.0,2.160831,0.0
dense_1B_xm01_lr0.002_gbsz128_beta20.95_12B,983138304,1000000000.0,12000000000.0,7.0785957888e+19,0.002,128,0.95,1234,22889.0,2929792.0,12000428032.0,204800.0,2.352843,0.0
dense_1B_xm01_lr0.002_gbsz128_beta20.95_20B,983138304,1000000000.0,20000000000.0,1.1797659648e+20,0.002,128,0.95,1234,38147.0,4882816.0,20000014336.0,204800.0,2.298339,0.0
dense_1B_xm01_lr0.002_gbsz128_beta20.95_300B,983138304,1000000000.0,300000000000.0,1.7696489472e+21,0.002,128,0.95,1234,572205.0,73242240.0,300000215040.0,204800.0,2.115943,0.0
dense_1B_xm01_lr0.002_gbsz128_beta20.95_30B,983138304,1000000000.0,30000000000.0,1.7696489472e+20,0.002,128,0.95,1234,57221.0,7324288.0,30000283648.0,204800.0,2.260523,0.0
dense_1B_xm01_lr0.002_gbsz128_beta20.95_50B,983138304,1000000000.0,50000000000.0,2.949414912e+20,0.002,128,0.95,1234,95368.0,12207104.0,50000297984.0,204800.0,2.219216,0.0
dense_1B_xm01_lr0.002_gbsz128_beta20.95_6B,983138304,1000000000.0,6000000000.0,3.5392978944e+19,0.002,128,0.95,1234,11445.0,1464960.0,6000476160.0,204800.0,2.443471,0.0
dense_1B_xm01_lr0.002_gbsz128_beta20.95_80B,983138304,1000000000.0,80000000000.0,4.7190638592e+20,0.002,128,0.95,1234,152588.0,19531264.0,80000057344.0,204800.0,2.185916,0.0
dense_1B_xm01_lr0.002_gbsz256_beta20.95_120B,983138304,1000000000.0,120000000000.0,7.0785957888e+20,0.002,256,0.95,1234,114441.0,29296896.0,120000086016.0,204800.0,2.153344,0.0
dense_1B_xm01_lr0.002_gbsz256_beta20.95_12B,983138304,1000000000.0,12000000000.0,7.0785957888e+19,0.002,256,0.95,1234,11445.0,2929920.0,12000952320.0,204800.0,2.366187,0.0
dense_1B_xm01_lr0.002_gbsz256_beta20.95_200B,983138304,1000000000.0,200000000000.0,1.1797659648e+21,0.002,256,0.95,1234,190735.0,48828160.0,200000143360.0,204800.0,2.122369,0.0
dense_1B_xm01_lr0.002_gbsz256_beta20.95_20B,983138304,1000000000.0,20000000000.0,1.1797659648e+20,0.002,256,0.95,1234,19074.0,4882944.0,20000538624.0,204800.0,2.305195,0.0
dense_1B_xm01_lr0.002_gbsz256_beta20.95_300B,983138304,1000000000.0,300000000000.0,1.7696489472e+21,0.002,256,0.95,1234,286103.0,73242368.0,300000739328.0,204800.0,2.100971,0.0
dense_1B_xm01_lr0.002_gbsz256_beta20.95_30B,983138304,1000000000.0,30000000000.0,1.7696489472e+20,0.002,256,0.95,1234,28611.0,7324416.0,30000807936.0,204800.0,2.263061,0.0
dense_1B_xm01_lr0.002_gbsz256_beta20.95_50B,983138304,1000000000.0,50000000000.0,2.949414912e+20,0.002,256,0.95,1234,47684.0,12207104.0,50000297984.0,204800.0,2.217224,0.0
dense_1B_xm01_lr0.002_gbsz256_beta20.95_80B,983138304,1000000000.0,80000000000.0,4.7190638592e+20,0.002,256,0.95,1234,76294.0,19531264.0,80000057344.0,204800.0,2.180686,0.0
dense_1B_xm01_lr0.002_gbsz32_beta20.95_6B,983138304,1000000000.0,6000000000.0,3.5392978944e+19,0.002,32,0.95,1234,45777.0,1464864.0,6000082944.0,204800.0,2.481413,0.0
dense_1B_xm01_lr0.002_gbsz512_beta20.95_120B,983138304,1000000000.0,120000000000.0,7.0785957888e+20,0.002,512,0.95,1234,57221.0,29297152.0,120001134592.0,204800.0,2.146062,0.0
dense_1B_xm01_lr0.002_gbsz512_beta20.95_200B,983138304,1000000000.0,200000000000.0,1.1797659648e+21,0.002,512,0.95,1234,95368.0,48828416.0,200001191936.0,204800.0,2.109502,0.0
dense_1B_xm01_lr0.002_gbsz512_beta20.95_20B,983138304,1000000000.0,20000000000.0,1.1797659648e+20,0.002,512,0.95,1234,9537.0,4882944.0,20000538624.0,204800.0,2.32527,0.0
dense_1B_xm01_lr0.002_gbsz512_beta20.95_300B,983138304,1000000000.0,300000000000.0,1.7696489472e+21,0.002,512,0.95,1234,143052.0,73242624.0,300001787904.0,204800.0,2.086084,0.0
dense_1B_xm01_lr0.002_gbsz512_beta20.95_30B,983138304,1000000000.0,30000000000.0,1.7696489472e+20,0.002,512,0.95,1234,14306.0,7324672.0,30001856512.0,204800.0,2.276089,0.0
dense_1B_xm01_lr0.002_gbsz512_beta20.95_50B,983138304,1000000000.0,50000000000.0,2.949414912e+20,0.002,512,0.95,1234,23842.0,12207104.0,50000297984.0,204800.0,2.223308,0.0
dense_1B_xm01_lr0.002_gbsz512_beta20.95_80B,983138304,1000000000.0,80000000000.0,4.7190638592e+20,0.002,512,0.95,1234,38147.0,19531264.0,80000057344.0,204800.0,2.17987,0.0
dense_1B_xm01_lr0.002_gbsz64_beta20.95_120B,983138304,1000000000.0,120000000000.0,7.0785957888e+20,0.002,64,0.95,1234,457764.0,29296896.0,120000086016.0,204800.0,2.214683,0.0
dense_1B_xm01_lr0.002_gbsz64_beta20.95_12B,983138304,1000000000.0,12000000000.0,7.0785957888e+19,0.002,64,0.95,1234,45777.0,2929728.0,12000165888.0,204800.0,2.3715,0.0
dense_1B_xm01_lr0.002_gbsz64_beta20.95_200B,983138304,1000000000.0,200000000000.0,1.1797659648e+21,0.002,64,0.95,1234,762940.0,48828160.0,200000143360.0,204800.0,2.190321,0.0
dense_1B_xm01_lr0.002_gbsz64_beta20.95_20B,983138304,1000000000.0,20000000000.0,1.1797659648e+20,0.002,64,0.95,1234,76294.0,4882816.0,20000014336.0,204800.0,2.325132,0.0
dense_1B_xm01_lr0.002_gbsz64_beta20.95_300B,983138304,1000000000.0,300000000000.0,1.7696489472e+21,0.002,64,0.95,1234,1144410.0,73242240.0,300000215040.0,204800.0,2.172643,0.0
dense_1B_xm01_lr0.002_gbsz64_beta20.95_30B,983138304,1000000000.0,30000000000.0,1.7696489472e+20,0.002,64,0.95,1234,114441.0,7324224.0,30000021504.0,204800.0,2.294097,0.0
dense_1B_xm01_lr0.002_gbsz64_beta20.95_50B,983138304,1000000000.0,50000000000.0,2.949414912e+20,0.002,64,0.95,1234,190735.0,12207040.0,50000035840.0,204800.0,2.26144,0.0
dense_1B_xm01_lr0.002_gbsz64_beta20.95_6B,983138304,1000000000.0,6000000000.0,3.5392978944e+19,0.002,64,0.95,1234,22889.0,1464896.0,6000214016.0,204800.0,2.451206,0.0
dense_1B_xm01_lr0.002_gbsz64_beta20.95_80B,983138304,1000000000.0,80000000000.0,4.7190638592e+20,0.002,64,0.95,1234,305176.0,19531264.0,80000057344.0,204800.0,2.235177,0.0
dense_1B_xm01_lr0.004_gbsz1024_beta20.95_30B,983138304,1000000000.0,30000000000.0,1.7696489472e+20,0.004,1024,0.95,1234,7153.0,7324672.0,30001856512.0,204800.0,2.318249,0.0
dense_1B_xm01_lr0.004_gbsz1024_beta20.95_50B,983138304,1000000000.0,50000000000.0,2.949414912e+20,0.004,1024,0.95,1234,11921.0,12207104.0,50000297984.0,204800.0,2.249669,0.0
dense_1B_xm01_lr0.004_gbsz1024_beta20.95_80B,983138304,1000000000.0,80000000000.0,4.7190638592e+20,0.004,1024,0.95,1234,19074.0,19531776.0,80002154496.0,204800.0,2.195702,0.0
dense_1B_xm01_lr0.004_gbsz128_beta20.95_12B,983138304,1000000000.0,12000000000.0,7.0785957888e+19,0.004,128,0.95,1234,22889.0,2929792.0,12000428032.0,204800.0,2.370447,0.0
dense_1B_xm01_lr0.004_gbsz128_beta20.95_20B,983138304,1000000000.0,20000000000.0,1.1797659648e+20,0.004,128,0.95,1234,38147.0,4882816.0,20000014336.0,204800.0,2.320928,0.0
dense_1B_xm01_lr0.004_gbsz128_beta20.95_30B,983138304,1000000000.0,30000000000.0,1.7696489472e+20,0.004,128,0.95,1234,57221.0,7324288.0,30000283648.0,204800.0,2.287802,0.0
dense_1B_xm01_lr0.004_gbsz128_beta20.95_6B,983138304,1000000000.0,6000000000.0,3.5392978944e+19,0.004,128,0.95,1234,11445.0,1464960.0,6000476160.0,204800.0,2.453853,0.0
dense_1B_xm01_lr0.004_gbsz256_beta20.95_12B,983138304,1000000000.0,12000000000.0,7.0785957888e+19,0.004,256,0.95,1234,11445.0,2929920.0,12000952320.0,204800.0,2.370633,0.0
dense_1B_xm01_lr0.004_gbsz256_beta20.95_20B,983138304,1000000000.0,20000000000.0,1.1797659648e+20,0.004,256,0.95,1234,19074.0,4882944.0,20000538624.0,204800.0,2.310973,0.0
dense_1B_xm01_lr0.004_gbsz256_beta20.95_30B,983138304,1000000000.0,30000000000.0,1.7696489472e+20,0.004,256,0.95,1234,28611.0,7324416.0,30000807936.0,204800.0,2.270332,0.0
dense_1B_xm01_lr0.004_gbsz512_beta20.95_20B,983138304,1000000000.0,20000000000.0,1.1797659648e+20,0.004,512,0.95,1234,9537.0,4882944.0,20000538624.0,204800.0,2.327378,0.0
dense_1B_xm01_lr0.004_gbsz512_beta20.95_30B,983138304,1000000000.0,30000000000.0,1.7696489472e+20,0.004,512,0.95,1234,14306.0,7324672.0,30001856512.0,204800.0,2.277352,0.0
dense_1B_xm01_lr0.004_gbsz512_beta20.95_50B,983138304,1000000000.0,50000000000.0,2.949414912e+20,0.004,512,0.95,1234,23842.0,12207104.0,50000297984.0,204800.0,2.223121,0.0
dense_1B_xm03_lr0.001_gbsz1024_beta20.95_120B,983138304,1000000000.0,120000000000.0,7.0785957888e+20,0.001,1024,0.95,2345,28611.0,29297664.0,120003231744.0,204800.0,2.162823,0.0
dense_1B_xm03_lr0.001_gbsz1024_beta20.95_200B,983138304,1000000000.0,200000000000.0,1.1797659648e+21,0.001,1024,0.95,2345,47684.0,48828416.0,200001191936.0,204800.0,2.12403,0.0
dense_1B_xm03_lr0.001_gbsz1024_beta20.95_300B,983138304,1000000000.0,300000000000.0,1.7696489472e+21,0.001,1024,0.95,2345,71526.0,73242624.0,300001787904.0,204800.0,2.09656,0.0
dense_1B_xm03_lr0.001_gbsz1024_beta20.95_30B,983138304,1000000000.0,30000000000.0,1.7696489472e+20,0.001,1024,0.95,2345,7153.0,7324672.0,30001856512.0,204800.0,2.302723,0.0
dense_1B_xm03_lr0.001_gbsz1024_beta20.95_50B,983138304,1000000000.0,50000000000.0,2.949414912e+20,0.001,1024,0.95,2345,11921.0,12207104.0,50000297984.0,204800.0,2.243963,0.0
dense_1B_xm03_lr0.001_gbsz1024_beta20.95_80B,983138304,1000000000.0,80000000000.0,4.7190638592e+20,0.001,1024,0.95,2345,19074.0,19531776.0,80002154496.0,204800.0,2.196701,0.0
dense_1B_xm03_lr0.001_gbsz128_beta20.95_120B,983138304,1000000000.0,120000000000.0,7.0785957888e+20,0.001,128,0.95,2345,228882.0,29296896.0,120000086016.0,204800.0,2.151886,0.0
dense_1B_xm03_lr0.001_gbsz128_beta20.95_200B,983138304,1000000000.0,200000000000.0,1.1797659648e+21,0.001,128,0.95,2345,381470.0,48828160.0,200000143360.0,204800.0,2.123719,0.0
dense_1B_xm03_lr0.001_gbsz128_beta20.95_20B,983138304,1000000000.0,20000000000.0,1.1797659648e+20,0.001,128,0.95,2345,38147.0,4882816.0,20000014336.0,204800.0,2.292113,0.0
dense_1B_xm03_lr0.001_gbsz128_beta20.95_30B,983138304,1000000000.0,30000000000.0,1.7696489472e+20,0.001,128,0.95,2345,57221.0,7324288.0,30000283648.0,204800.0,2.253864,0.0
dense_1B_xm03_lr0.001_gbsz128_beta20.95_50B,983138304,1000000000.0,50000000000.0,2.949414912e+20,0.001,128,0.95,2345,95368.0,12207104.0,50000297984.0,204800.0,2.21123,0.0
dense_1B_xm03_lr0.001_gbsz128_beta20.95_80B,983138304,1000000000.0,80000000000.0,4.7190638592e+20,0.001,128,0.95,2345,152588.0,19531264.0,80000057344.0,204800.0,2.177404,0.0
dense_1B_xm03_lr0.001_gbsz256_beta20.95_120B,983138304,1000000000.0,120000000000.0,7.0785957888e+20,0.001,256,0.95,2345,114441.0,29296896.0,120000086016.0,204800.0,2.139489,0.0
dense_1B_xm03_lr0.001_gbsz256_beta20.95_200B,983138304,1000000000.0,200000000000.0,1.1797659648e+21,0.001,256,0.95,2345,190735.0,48828160.0,200000143360.0,204800.0,2.106413,0.0
dense_1B_xm03_lr0.001_gbsz256_beta20.95_20B,983138304,1000000000.0,20000000000.0,1.1797659648e+20,0.001,256,0.95,2345,19074.0,4882944.0,20000538624.0,204800.0,2.297007,0.0
dense_1B_xm03_lr0.001_gbsz256_beta20.95_300B,983138304,1000000000.0,300000000000.0,1.7696489472e+21,0.001,256,0.95,2345,286103.0,73242368.0,300000739328.0,204800.0,2.084545,0.0
dense_1B_xm03_lr0.001_gbsz256_beta20.95_30B,983138304,1000000000.0,30000000000.0,1.7696489472e+20,0.001,256,0.95,2345,28611.0,7324416.0,30000807936.0,204800.0,2.255547,0.0
dense_1B_xm03_lr0.001_gbsz256_beta20.95_50B,983138304,1000000000.0,50000000000.0,2.949414912e+20,0.001,256,0.95,2345,47684.0,12207104.0,50000297984.0,204800.0,2.208701,0.0
dense_1B_xm03_lr0.001_gbsz256_beta20.95_80B,983138304,1000000000.0,80000000000.0,4.7190638592e+20,0.001,256,0.95,2345,76294.0,19531264.0,80000057344.0,204800.0,2.169936,0.0
dense_1B_xm03_lr0.001_gbsz512_beta20.95_120B,983138304,1000000000.0,120000000000.0,7.0785957888e+20,0.001,512,0.95,2345,57221.0,29297152.0,120001134592.0,204800.0,2.146602,0.0
dense_1B_xm03_lr0.001_gbsz512_beta20.95_200B,983138304,1000000000.0,200000000000.0,1.1797659648e+21,0.001,512,0.95,2345,95368.0,48828416.0,200001191936.0,204800.0,2.11004,0.0
dense_1B_xm03_lr0.001_gbsz512_beta20.95_20B,983138304,1000000000.0,20000000000.0,1.1797659648e+20,0.001,512,0.95,2345,9537.0,4882944.0,20000538624.0,204800.0,2.324461,0.0
dense_1B_xm03_lr0.001_gbsz512_beta20.95_300B,983138304,1000000000.0,300000000000.0,1.7696489472e+21,0.001,512,0.95,2345,143052.0,73242624.0,300001787904.0,204800.0,2.084976,0.0
dense_1B_xm03_lr0.001_gbsz512_beta20.95_30B,983138304,1000000000.0,30000000000.0,1.7696489472e+20,0.001,512,0.95,2345,14306.0,7324672.0,30001856512.0,204800.0,2.273775,0.0
dense_1B_xm03_lr0.001_gbsz512_beta20.95_50B,983138304,1000000000.0,50000000000.0,2.949414912e+20,0.001,512,0.95,2345,23842.0,12207104.0,50000297984.0,204800.0,2.221192,0.0
dense_1B_xm03_lr0.001_gbsz512_beta20.95_80B,983138304,1000000000.0,80000000000.0,4.7190638592e+20,0.001,512,0.95,2345,38147.0,19531264.0,80000057344.0,204800.0,2.179121,0.0
dense_1_7B_xm01_lr0.00025_gbsz128_beta20.95_120B,1713504256,1700000000.0,120000000000.0,1.23372306432e+21,0.00025,128,0.95,1234,228882.0,29296896.0,120000086016.0,204800.0,2.072692,0.0
dense_1_7B_xm01_lr0.00025_gbsz128_beta20.95_30B,1713504256,1700000000.0,30000000000.0,3.0843076608e+20,0.00025,128,0.95,1234,57221.0,7324288.0,30000283648.0,204800.0,2.186858,0.0
dense_1_7B_xm01_lr0.00025_gbsz128_beta20.95_50B,1713504256,1700000000.0,50000000000.0,5.140512768e+20,0.00025,128,0.95,1234,95368.0,12207104.0,50000297984.0,204800.0,2.138539,0.0
dense_1_7B_xm01_lr0.00025_gbsz128_beta20.95_80B,1713504256,1700000000.0,80000000000.0,8.2248204288e+20,0.00025,128,0.95,1234,152588.0,19531264.0,80000057344.0,204800.0,2.10089,0.0
dense_1_7B_xm01_lr0.00025_gbsz256_beta20.95_120B,1713504256,1700000000.0,120000000000.0,1.23372306432e+21,0.00025,256,0.95,1234,114441.0,29296896.0,120000086016.0,204800.0,2.067458,0.0
dense_1_7B_xm01_lr0.00025_gbsz256_beta20.95_30B,1713504256,1700000000.0,30000000000.0,3.0843076608e+20,0.00025,256,0.95,1234,28611.0,7324416.0,30000807936.0,204800.0,2.194273,0.0
dense_1_7B_xm01_lr0.00025_gbsz256_beta20.95_50B,1713504256,1700000000.0,50000000000.0,5.140512768e+20,0.00025,256,0.95,1234,47684.0,12207104.0,50000297984.0,204800.0,2.139534,0.0
dense_1_7B_xm01_lr0.00025_gbsz256_beta20.95_80B,1713504256,1700000000.0,80000000000.0,8.2248204288e+20,0.00025,256,0.95,1234,76294.0,19531264.0,80000057344.0,204800.0,2.098102,0.0
dense_1_7B_xm01_lr0.00025_gbsz512_beta20.95_120B,1713504256,1700000000.0,120000000000.0,1.23372306432e+21,0.00025,512,0.95,1234,57221.0,29297152.0,120001134592.0,204800.0,2.072051,0.0
dense_1_7B_xm01_lr0.00025_gbsz512_beta20.95_200B,1713504256,1700000000.0,200000000000.0,2.0562051072e+21,0.00025,512,0.95,1234,95368.0,48828416.0,200001191936.0,204800.0,2.036143,0.0
dense_1_7B_xm01_lr0.00025_gbsz512_beta20.95_30B,1713504256,1700000000.0,30000000000.0,3.0843076608e+20,0.00025,512,0.95,1234,14306.0,7324672.0,30001856512.0,204800.0,2.221348,0.0
dense_1_7B_xm01_lr0.00025_gbsz512_beta20.95_80B,1713504256,1700000000.0,80000000000.0,8.2248204288e+20,0.00025,512,0.95,1234,38147.0,19531264.0,80000057344.0,204800.0,2.106253,0.0
dense_1_7B_xm01_lr0.0005_gbsz128_beta20.95_120B,1713504256,1700000000.0,120000000000.0,1.23372306432e+21,0.0005,128,0.95,1234,228882.0,29296896.0,120000086016.0,204800.0,2.069678,0.0
dense_1_7B_xm01_lr0.0005_gbsz128_beta20.95_30B,1713504256,1700000000.0,30000000000.0,3.0843076608e+20,0.0005,128,0.95,1234,57221.0,7324288.0,30000283648.0,204800.0,2.180205,0.0
dense_1_7B_xm01_lr0.0005_gbsz128_beta20.95_50B,1713504256,1700000000.0,50000000000.0,5.140512768e+20,0.0005,128,0.95,1234,95368.0,12207104.0,50000297984.0,204800.0,2.135303,0.0
dense_1_7B_xm01_lr0.0005_gbsz128_beta20.95_80B,1713504256,1700000000.0,80000000000.0,8.2248204288e+20,0.0005,128,0.95,1234,152588.0,19531264.0,80000057344.0,204800.0,2.098469,0.0
dense_1_7B_xm01_lr0.0005_gbsz256_beta20.95_120B,1713504256,1700000000.0,120000000000.0,1.23372306432e+21,0.0005,256,0.95,1234,114441.0,29296896.0,120000086016.0,204800.0,2.068867,0.0
dense_1_7B_xm01_lr0.0005_gbsz256_beta20.95_200B,1713504256,1700000000.0,200000000000.0,2.0562051072e+21,0.0005,256,0.95,1234,190735.0,48828160.0,200000143360.0,204800.0,2.03439,0.0
dense_1_7B_xm01_lr0.0005_gbsz256_beta20.95_300B,1713504256,1700000000.0,300000000000.0,3.0843076608e+21,0.0005,256,0.95,1234,286103.0,73242368.0,300000739328.0,204800.0,2.010482,0.0
dense_1_7B_xm01_lr0.0005_gbsz256_beta20.95_30B,1713504256,1700000000.0,30000000000.0,3.0843076608e+20,0.0005,256,0.95,1234,28611.0,7324416.0,30000807936.0,204800.0,2.187521,0.0
dense_1_7B_xm01_lr0.0005_gbsz256_beta20.95_50B,1713504256,1700000000.0,50000000000.0,5.140512768e+20,0.0005,256,0.95,1234,47684.0,12207104.0,50000297984.0,204800.0,2.138507,0.0
dense_1_7B_xm01_lr0.0005_gbsz256_beta20.95_80B,1713504256,1700000000.0,80000000000.0,8.2248204288e+20,0.0005,256,0.95,1234,76294.0,19531264.0,80000057344.0,204800.0,2.099458,0.0
dense_1_7B_xm01_lr0.0005_gbsz512_beta20.95_120B,1713504256,1700000000.0,120000000000.0,1.23372306432e+21,0.0005,512,0.95,1234,57221.0,29297152.0,120001134592.0,204800.0,2.078303,0.0
dense_1_7B_xm01_lr0.0005_gbsz512_beta20.95_200B,1713504256,1700000000.0,200000000000.0,2.0562051072e+21,0.0005,512,0.95,1234,95368.0,48828416.0,200001191936.0,204800.0,2.042514,0.0
dense_1_7B_xm01_lr0.0005_gbsz512_beta20.95_300B,1713504256,1700000000.0,300000000000.0,3.0843076608e+21,0.0005,512,0.95,1234,143052.0,73242624.0,300001787904.0,204800.0,2.016583,0.0
dense_1_7B_xm01_lr0.0005_gbsz512_beta20.95_30B,1713504256,1700000000.0,30000000000.0,3.0843076608e+20,0.0005,512,0.95,1234,14306.0,7324672.0,30001856512.0,204800.0,2.207266,0.0
dense_1_7B_xm01_lr0.0005_gbsz512_beta20.95_50B,1713504256,1700000000.0,50000000000.0,5.140512768e+20,0.0005,512,0.95,1234,23842.0,12207104.0,50000297984.0,204800.0,2.151445,0.0
dense_1_7B_xm01_lr0.0005_gbsz512_beta20.95_80B,1713504256,1700000000.0,80000000000.0,8.2248204288e+20,0.0005,512,0.95,1234,38147.0,19531264.0,80000057344.0,204800.0,2.109738,0.0
dense_1_7B_xm01_lr0.001_gbsz128_beta20.95_120B,1713504256,1700000000.0,120000000000.0,1.23372306432e+21,0.001,128,0.95,1234,228882.0,29296896.0,120000086016.0,204800.0,2.080281,0.0
dense_1_7B_xm01_lr0.001_gbsz128_beta20.95_30B,1713504256,1700000000.0,30000000000.0,3.0843076608e+20,0.001,128,0.95,1234,57221.0,7324288.0,30000283648.0,204800.0,2.183815,0.0
dense_1_7B_xm01_lr0.001_gbsz128_beta20.95_50B,1713504256,1700000000.0,50000000000.0,5.140512768e+20,0.001,128,0.95,1234,95368.0,12207104.0,50000297984.0,204800.0,2.140609,0.0
dense_1_7B_xm01_lr0.001_gbsz128_beta20.95_80B,1713504256,1700000000.0,80000000000.0,8.2248204288e+20,0.001,128,0.95,1234,152588.0,19531264.0,80000057344.0,204800.0,2.106249,0.0
dense_1_7B_xm01_lr0.001_gbsz256_beta20.95_120B,1713504256,1700000000.0,120000000000.0,1.23372306432e+21,0.001,256,0.95,1234,114441.0,29296896.0,120000086016.0,204800.0,2.07042,0.0
dense_1_7B_xm01_lr0.001_gbsz256_beta20.95_200B,1713504256,1700000000.0,200000000000.0,2.0562051072e+21,0.001,256,0.95,1234,190735.0,48828160.0,200000143360.0,204800.0,2.038124,0.0
dense_1_7B_xm01_lr0.001_gbsz256_beta20.95_300B,1713504256,1700000000.0,300000000000.0,3.0843076608e+21,0.001,256,0.95,1234,286103.0,73242368.0,300000739328.0,204800.0,2.01654,0.0
dense_1_7B_xm01_lr0.001_gbsz256_beta20.95_30B,1713504256,1700000000.0,30000000000.0,3.0843076608e+20,0.001,256,0.95,1234,28611.0,7324416.0,30000807936.0,204800.0,2.184645,0.0
dense_1_7B_xm01_lr0.001_gbsz256_beta20.95_50B,1713504256,1700000000.0,50000000000.0,5.140512768e+20,0.001,256,0.95,1234,47684.0,12207104.0,50000297984.0,204800.0,2.137627,0.0
dense_1_7B_xm01_lr0.001_gbsz256_beta20.95_80B,1713504256,1700000000.0,80000000000.0,8.2248204288e+20,0.001,256,0.95,1234,76294.0,19531264.0,80000057344.0,204800.0,2.099733,0.0
dense_1_7B_xm01_lr0.001_gbsz512_beta20.95_120B,1713504256,1700000000.0,120000000000.0,1.23372306432e+21,0.001,512,0.95,1234,57221.0,29297152.0,120001134592.0,204800.0,2.080782,0.0
dense_1_7B_xm01_lr0.001_gbsz512_beta20.95_200B,1713504256,1700000000.0,200000000000.0,2.0562051072e+21,0.001,512,0.95,1234,95368.0,48828416.0,200001191936.0,204800.0,2.044042,0.0
dense_1_7B_xm01_lr0.001_gbsz512_beta20.95_300B,1713504256,1700000000.0,300000000000.0,3.0843076608e+21,0.001,512,0.95,1234,143052.0,73242624.0,300001787904.0,204800.0,2.01823,0.0
dense_1_7B_xm01_lr0.001_gbsz512_beta20.95_30B,1713504256,1700000000.0,30000000000.0,3.0843076608e+20,0.001,512,0.95,1234,14306.0,7324672.0,30001856512.0,204800.0,2.21086,0.0
dense_1_7B_xm01_lr0.001_gbsz512_beta20.95_50B,1713504256,1700000000.0,50000000000.0,5.140512768e+20,0.001,512,0.95,1234,23842.0,12207104.0,50000297984.0,204800.0,2.1558,0.0
dense_1_7B_xm01_lr0.001_gbsz512_beta20.95_80B,1713504256,1700000000.0,80000000000.0,8.2248204288e+20,0.001,512,0.95,1234,38147.0,19531264.0,80000057344.0,204800.0,2.113495,0.0
dense_1_7B_xm01_lr0.002_gbsz128_beta20.95_30B,1713504256,1700000000.0,30000000000.0,3.0843076608e+20,0.002,128,0.95,1234,57221.0,7324288.0,30000283648.0,204800.0,2.20873,0.0
dense_1_7B_xm01_lr0.002_gbsz128_beta20.95_50B,1713504256,1700000000.0,50000000000.0,5.140512768e+20,0.002,128,0.95,1234,95368.0,12207104.0,50000297984.0,204800.0,2.171301,0.0
dense_1_7B_xm01_lr0.002_gbsz128_beta20.95_80B,1713504256,1700000000.0,80000000000.0,8.2248204288e+20,0.002,128,0.95,1234,152588.0,19531264.0,80000057344.0,204800.0,2.142561,0.0
dense_1_7B_xm01_lr0.002_gbsz256_beta20.95_120B,1713504256,1700000000.0,120000000000.0,1.23372306432e+21,0.002,256,0.95,1234,114441.0,29296896.0,120000086016.0,204800.0,2.081506,0.0
dense_1_7B_xm01_lr0.002_gbsz256_beta20.95_200B,1713504256,1700000000.0,200000000000.0,2.0562051072e+21,0.002,256,0.95,1234,190735.0,48828160.0,200000143360.0,204800.0,2.052282,0.0
dense_1_7B_xm01_lr0.002_gbsz256_beta20.95_300B,1713504256,1700000000.0,300000000000.0,3.0843076608e+21,0.002,256,0.95,1234,286103.0,73242368.0,300000739328.0,204800.0,2.032501,0.0
dense_1_7B_xm01_lr0.002_gbsz256_beta20.95_30B,1713504256,1700000000.0,30000000000.0,3.0843076608e+20,0.002,256,0.95,1234,28611.0,7324416.0,30000807936.0,204800.0,2.191217,0.0
dense_1_7B_xm01_lr0.002_gbsz256_beta20.95_50B,1713504256,1700000000.0,50000000000.0,5.140512768e+20,0.002,256,0.95,1234,47684.0,12207104.0,50000297984.0,204800.0,2.145313,0.0
dense_1_7B_xm01_lr0.002_gbsz256_beta20.95_80B,1713504256,1700000000.0,80000000000.0,8.2248204288e+20,0.002,256,0.95,1234,76294.0,19531264.0,80000057344.0,204800.0,2.10904,0.0
dense_1_7B_xm01_lr0.002_gbsz512_beta20.95_120B,1713504256,1700000000.0,120000000000.0,1.23372306432e+21,0.002,512,0.95,1234,57221.0,29297152.0,120001134592.0,204800.0,2.075422,0.0
dense_1_7B_xm01_lr0.002_gbsz512_beta20.95_200B,1713504256,1700000000.0,200000000000.0,2.0562051072e+21,0.002,512,0.95,1234,95368.0,48828416.0,200001191936.0,204800.0,2.041586,0.0
dense_1_7B_xm01_lr0.002_gbsz512_beta20.95_300B,1713504256,1700000000.0,300000000000.0,3.0843076608e+21,0.002,512,0.95,1234,143052.0,73242624.0,300001787904.0,204800.0,2.018287,0.0
dense_1_7B_xm01_lr0.002_gbsz512_beta20.95_30B,1713504256,1700000000.0,30000000000.0,3.0843076608e+20,0.002,512,0.95,1234,14306.0,7324672.0,30001856512.0,204800.0,2.199244,0.0
dense_1_7B_xm01_lr0.002_gbsz512_beta20.95_50B,1713504256,1700000000.0,50000000000.0,5.140512768e+20,0.002,512,0.95,1234,23842.0,12207104.0,50000297984.0,204800.0,2.147665,0.0
dense_1_7B_xm01_lr0.002_gbsz512_beta20.95_80B,1713504256,1700000000.0,80000000000.0,8.2248204288e+20,0.002,512,0.95,1234,38147.0,19531264.0,80000057344.0,204800.0,2.106639,0.0
dense_300M_xm01_lr0.00025_gbsz128_beta20.95_12B,301880320,300000000.0,12000000000.0,2.173538304e+19,0.00025,128,0.95,1234,22889.0,2929792.0,12000428032.0,204800.0,2.527467,0.0
dense_300M_xm01_lr0.00025_gbsz128_beta20.95_20B,301880320,300000000.0,20000000000.0,3.62256384e+19,0.00025,128,0.95,1234,38147.0,4882816.0,20000014336.0,204800.0,2.467561,0.0
dense_300M_xm01_lr0.00025_gbsz128_beta20.95_30B,301880320,300000000.0,30000000000.0,5.43384576e+19,0.00025,128,0.95,1234,57221.0,7324288.0,30000283648.0,204800.0,2.429097,0.0
dense_300M_xm01_lr0.00025_gbsz128_beta20.95_50B,301880320,300000000.0,50000000000.0,9.0564096e+19,0.00025,128,0.95,1234,95368.0,12207104.0,50000297984.0,204800.0,2.388133,0.0
dense_300M_xm01_lr0.00025_gbsz128_beta20.95_6B,301880320,300000000.0,6000000000.0,1.086769152e+19,0.00025,128,0.95,1234,11445.0,1464960.0,6000476160.0,204800.0,2.639645,0.0
dense_300M_xm01_lr0.00025_gbsz32_beta20.95_12B,301880320,300000000.0,12000000000.0,2.173538304e+19,0.00025,32,0.95,1234,91553.0,2929696.0,12000034816.0,204800.0,2.506856,0.0
dense_300M_xm01_lr0.00025_gbsz32_beta20.95_20B,301880320,300000000.0,20000000000.0,3.62256384e+19,0.00025,32,0.95,1234,152588.0,4882816.0,20000014336.0,204800.0,2.461819,0.0
dense_300M_xm01_lr0.00025_gbsz32_beta20.95_30B,301880320,300000000.0,30000000000.0,5.43384576e+19,0.00025,32,0.95,1234,228882.0,7324224.0,30000021504.0,204800.0,2.429967,0.0
dense_300M_xm01_lr0.00025_gbsz32_beta20.95_6B,301880320,300000000.0,6000000000.0,1.086769152e+19,0.00025,32,0.95,1234,45777.0,1464864.0,6000082944.0,204800.0,2.584363,0.0
dense_300M_xm01_lr0.00025_gbsz64_beta20.95_12B,301880320,300000000.0,12000000000.0,2.173538304e+19,0.00025,64,0.95,1234,45777.0,2929728.0,12000165888.0,204800.0,2.507621,0.0
dense_300M_xm01_lr0.00025_gbsz64_beta20.95_20B,301880320,300000000.0,20000000000.0,3.62256384e+19,0.00025,64,0.95,1234,76294.0,4882816.0,20000014336.0,204800.0,2.456601,0.0
dense_300M_xm01_lr0.00025_gbsz64_beta20.95_30B,301880320,300000000.0,30000000000.0,5.43384576e+19,0.00025,64,0.95,1234,114441.0,7324224.0,30000021504.0,204800.0,2.422352,0.0
dense_300M_xm01_lr0.00025_gbsz64_beta20.95_50B,301880320,300000000.0,50000000000.0,9.0564096e+19,0.00025,64,0.95,1234,190735.0,12207040.0,50000035840.0,204800.0,2.384502,0.0
dense_300M_xm01_lr0.00025_gbsz64_beta20.95_6B,301880320,300000000.0,6000000000.0,1.086769152e+19,0.00025,64,0.95,1234,22889.0,1464896.0,6000214016.0,204800.0,2.598449,0.0
dense_300M_xm01_lr0.0005_gbsz1024_beta20.95_120B,301880320,300000000.0,120000000000.0,2.173538304e+20,0.0005,1024,0.95,1234,28611.0,29297664.0,120003231744.0,204800.0,2.360934,0.0
dense_300M_xm01_lr0.0005_gbsz1024_beta20.95_200B,301880320,300000000.0,200000000000.0,3.62256384e+20,0.0005,1024,0.95,1234,47684.0,48828416.0,200001191936.0,204800.0,2.326966,0.0
dense_300M_xm01_lr0.0005_gbsz1024_beta20.95_300B,301880320,300000000.0,300000000000.0,5.43384576e+20,0.0005,1024,0.95,1234,71526.0,73242624.0,300001787904.0,204800.0,2.304634,0.0
dense_300M_xm01_lr0.0005_gbsz1024_beta20.95_30B,301880320,300000000.0,30000000000.0,5.43384576e+19,0.0005,1024,0.95,1234,7153.0,7324672.0,30001856512.0,204800.0,2.51102,0.0
dense_300M_xm01_lr0.0005_gbsz1024_beta20.95_50B,301880320,300000000.0,50000000000.0,9.0564096e+19,0.0005,1024,0.95,1234,11921.0,12207104.0,50000297984.0,204800.0,2.440682,0.0
dense_300M_xm01_lr0.0005_gbsz1024_beta20.95_80B,301880320,300000000.0,80000000000.0,1.449025536e+20,0.0005,1024,0.95,1234,19074.0,19531776.0,80002154496.0,204800.0,2.393568,0.0
dense_300M_xm01_lr0.0005_gbsz128_beta20.95_120B,301880320,300000000.0,120000000000.0,2.173538304e+20,0.0005,128,0.95,1234,228882.0,29296896.0,120000086016.0,204800.0,2.322593,0.0
dense_300M_xm01_lr0.0005_gbsz128_beta20.95_12B,301880320,300000000.0,12000000000.0,2.173538304e+19,0.0005,128,0.95,1234,22889.0,2929792.0,12000428032.0,204800.0,2.500408,0.0
dense_300M_xm01_lr0.0005_gbsz128_beta20.95_20B,301880320,300000000.0,20000000000.0,3.62256384e+19,0.0005,128,0.95,1234,38147.0,4882816.0,20000014336.0,204800.0,2.450182,0.0
dense_300M_xm01_lr0.0005_gbsz128_beta20.95_300B,301880320,300000000.0,300000000000.0,5.43384576e+20,0.0005,128,0.95,1234,572205.0,73242240.0,300000215040.0,204800.0,2.280727,0.0
dense_300M_xm01_lr0.0005_gbsz128_beta20.95_30B,301880320,300000000.0,30000000000.0,5.43384576e+19,0.0005,128,0.95,1234,57221.0,7324288.0,30000283648.0,204800.0,2.416348,0.0
dense_300M_xm01_lr0.0005_gbsz128_beta20.95_50B,301880320,300000000.0,50000000000.0,9.0564096e+19,0.0005,128,0.95,1234,95368.0,12207104.0,50000297984.0,204800.0,2.378006,0.0
dense_300M_xm01_lr0.0005_gbsz128_beta20.95_6B,301880320,300000000.0,6000000000.0,1.086769152e+19,0.0005,128,0.95,1234,11445.0,1464960.0,6000476160.0,204800.0,2.590856,0.0
dense_300M_xm01_lr0.0005_gbsz128_beta20.95_80B,301880320,300000000.0,80000000000.0,1.449025536e+20,0.0005,128,0.95,1234,152588.0,19531264.0,80000057344.0,204800.0,2.346503,0.0
dense_300M_xm01_lr0.0005_gbsz256_beta20.95_120B,301880320,300000000.0,120000000000.0,2.173538304e+20,0.0005,256,0.95,1234,114441.0,29296896.0,120000086016.0,204800.0,2.327882,0.0
dense_300M_xm01_lr0.0005_gbsz256_beta20.95_12B,301880320,300000000.0,12000000000.0,2.173538304e+19,0.0005,256,0.95,1234,11445.0,2929920.0,12000952320.0,204800.0,2.525314,0.0
dense_300M_xm01_lr0.0005_gbsz256_beta20.95_200B,301880320,300000000.0,200000000000.0,3.62256384e+20,0.0005,256,0.95,1234,190735.0,48828160.0,200000143360.0,204800.0,2.300914,0.0
dense_300M_xm01_lr0.0005_gbsz256_beta20.95_20B,301880320,300000000.0,20000000000.0,3.62256384e+19,0.0005,256,0.95,1234,19074.0,4882944.0,20000538624.0,204800.0,2.464192,0.0
dense_300M_xm01_lr0.0005_gbsz256_beta20.95_300B,301880320,300000000.0,300000000000.0,5.43384576e+20,0.0005,256,0.95,1234,286103.0,73242368.0,300000739328.0,204800.0,2.282419,0.0
dense_300M_xm01_lr0.0005_gbsz256_beta20.95_30B,301880320,300000000.0,30000000000.0,5.43384576e+19,0.0005,256,0.95,1234,28611.0,7324416.0,30000807936.0,204800.0,2.425802,0.0
dense_300M_xm01_lr0.0005_gbsz256_beta20.95_50B,301880320,300000000.0,50000000000.0,9.0564096e+19,0.0005,256,0.95,1234,47684.0,12207104.0,50000297984.0,204800.0,2.385043,0.0
dense_300M_xm01_lr0.0005_gbsz256_beta20.95_80B,301880320,300000000.0,80000000000.0,1.449025536e+20,0.0005,256,0.95,1234,76294.0,19531264.0,80000057344.0,204800.0,2.352582,0.0
dense_300M_xm01_lr0.0005_gbsz32_beta20.95_12B,301880320,300000000.0,12000000000.0,2.173538304e+19,0.0005,32,0.95,1234,91553.0,2929696.0,12000034816.0,204800.0,2.507323,0.0
dense_300M_xm01_lr0.0005_gbsz32_beta20.95_20B,301880320,300000000.0,20000000000.0,3.62256384e+19,0.0005,32,0.95,1234,152588.0,4882816.0,20000014336.0,204800.0,2.465956,0.0
dense_300M_xm01_lr0.0005_gbsz32_beta20.95_30B,301880320,300000000.0,30000000000.0,5.43384576e+19,0.0005,32,0.95,1234,228882.0,7324224.0,30000021504.0,204800.0,2.441829,0.0
dense_300M_xm01_lr0.0005_gbsz32_beta20.95_6B,301880320,300000000.0,6000000000.0,1.086769152e+19,0.0005,32,0.95,1234,45777.0,1464864.0,6000082944.0,204800.0,2.577183,0.0
dense_300M_xm01_lr0.0005_gbsz512_beta20.95_120B,301880320,300000000.0,120000000000.0,2.173538304e+20,0.0005,512,0.95,1234,57221.0,29297152.0,120001134592.0,204800.0,2.339868,0.0
dense_300M_xm01_lr0.0005_gbsz512_beta20.95_200B,301880320,300000000.0,200000000000.0,3.62256384e+20,0.0005,512,0.95,1234,95368.0,48828416.0,200001191936.0,204800.0,2.309955,0.0
dense_300M_xm01_lr0.0005_gbsz512_beta20.95_20B,301880320,300000000.0,20000000000.0,3.62256384e+19,0.0005,512,0.95,1234,9537.0,4882944.0,20000538624.0,204800.0,2.50305,0.0
dense_300M_xm01_lr0.0005_gbsz512_beta20.95_300B,301880320,300000000.0,300000000000.0,5.43384576e+20,0.0005,512,0.95,1234,143052.0,73242624.0,300001787904.0,204800.0,2.290044,0.0
dense_300M_xm01_lr0.0005_gbsz512_beta20.95_30B,301880320,300000000.0,30000000000.0,5.43384576e+19,0.0005,512,0.95,1234,14306.0,7324672.0,30001856512.0,204800.0,2.452991,0.0
dense_300M_xm01_lr0.0005_gbsz512_beta20.95_50B,301880320,300000000.0,50000000000.0,9.0564096e+19,0.0005,512,0.95,1234,23842.0,12207104.0,50000297984.0,204800.0,2.404207,0.0
dense_300M_xm01_lr0.0005_gbsz512_beta20.95_80B,301880320,300000000.0,80000000000.0,1.449025536e+20,0.0005,512,0.95,1234,38147.0,19531264.0,80000057344.0,204800.0,2.367515,0.0
dense_300M_xm01_lr0.0005_gbsz64_beta20.95_12B,301880320,300000000.0,12000000000.0,2.173538304e+19,0.0005,64,0.95,1234,45777.0,2929728.0,12000165888.0,204800.0,2.49392,0.0
dense_300M_xm01_lr0.0005_gbsz64_beta20.95_200B,301880320,300000000.0,200000000000.0,3.62256384e+20,0.0005,64,0.95,1234,762940.0,48828160.0,200000143360.0,204800.0,2.305564,0.0
dense_300M_xm01_lr0.0005_gbsz64_beta20.95_20B,301880320,300000000.0,20000000000.0,3.62256384e+19,0.0005,64,0.95,1234,76294.0,4882816.0,20000014336.0,204800.0,2.448041,0.0
dense_300M_xm01_lr0.0005_gbsz64_beta20.95_30B,301880320,300000000.0,30000000000.0,5.43384576e+19,0.0005,64,0.95,1234,114441.0,7324224.0,30000021504.0,204800.0,2.415798,0.0
dense_300M_xm01_lr0.0005_gbsz64_beta20.95_50B,301880320,300000000.0,50000000000.0,9.0564096e+19,0.0005,64,0.95,1234,190735.0,12207040.0,50000035840.0,204800.0,2.378997,0.0
dense_300M_xm01_lr0.0005_gbsz64_beta20.95_6B,301880320,300000000.0,6000000000.0,1.086769152e+19,0.0005,64,0.95,1234,22889.0,1464896.0,6000214016.0,204800.0,2.572256,0.0
dense_300M_xm01_lr0.0005_gbsz64_beta20.95_80B,301880320,300000000.0,80000000000.0,1.449025536e+20,0.0005,64,0.95,1234,305176.0,19531264.0,80000057344.0,204800.0,2.350102,0.0
dense_300M_xm01_lr0.001_gbsz1024_beta20.95_120B,301880320,300000000.0,120000000000.0,2.173538304e+20,0.001,1024,0.95,1234,28611.0,29297664.0,120003231744.0,204800.0,2.346396,0.0
dense_300M_xm01_lr0.001_gbsz1024_beta20.95_200B,301880320,300000000.0,200000000000.0,3.62256384e+20,0.001,1024,0.95,1234,47684.0,48828416.0,200001191936.0,204800.0,2.315614,0.0
dense_300M_xm01_lr0.001_gbsz1024_beta20.95_300B,301880320,300000000.0,300000000000.0,5.43384576e+20,0.001,1024,0.95,1234,71526.0,73242624.0,300001787904.0,204800.0,2.29421,0.0
dense_300M_xm01_lr0.001_gbsz1024_beta20.95_30B,301880320,300000000.0,30000000000.0,5.43384576e+19,0.001,1024,0.95,1234,7153.0,7324672.0,30001856512.0,204800.0,2.473697,0.0
dense_300M_xm01_lr0.001_gbsz1024_beta20.95_50B,301880320,300000000.0,50000000000.0,9.0564096e+19,0.001,1024,0.95,1234,11921.0,12207104.0,50000297984.0,204800.0,2.416509,0.0
dense_300M_xm01_lr0.001_gbsz1024_beta20.95_80B,301880320,300000000.0,80000000000.0,1.449025536e+20,0.001,1024,0.95,1234,19074.0,19531776.0,80002154496.0,204800.0,2.375664,0.0
dense_300M_xm01_lr0.001_gbsz128_beta20.95_120B,301880320,300000000.0,120000000000.0,2.173538304e+20,0.001,128,0.95,1234,228882.0,29296896.0,120000086016.0,204800.0,2.323439,0.0
dense_300M_xm01_lr0.001_gbsz128_beta20.95_12B,301880320,300000000.0,12000000000.0,2.173538304e+19,0.001,128,0.95,1234,22889.0,2929792.0,12000428032.0,204800.0,2.497492,0.0
dense_300M_xm01_lr0.001_gbsz128_beta20.95_200B,301880320,300000000.0,200000000000.0,3.62256384e+20,0.001,128,0.95,1234,381470.0,48828160.0,200000143360.0,204800.0,2.299143,0.0
dense_300M_xm01_lr0.001_gbsz128_beta20.95_20B,301880320,300000000.0,20000000000.0,3.62256384e+19,0.001,128,0.95,1234,38147.0,4882816.0,20000014336.0,204800.0,2.450251,0.0
dense_300M_xm01_lr0.001_gbsz128_beta20.95_300B,301880320,300000000.0,300000000000.0,5.43384576e+20,0.001,128,0.95,1234,572205.0,73242240.0,300000215040.0,204800.0,2.283571,0.0
dense_300M_xm01_lr0.001_gbsz128_beta20.95_30B,301880320,300000000.0,30000000000.0,5.43384576e+19,0.001,128,0.95,1234,57221.0,7324288.0,30000283648.0,204800.0,2.41686,0.0
dense_300M_xm01_lr0.001_gbsz128_beta20.95_50B,301880320,300000000.0,50000000000.0,9.0564096e+19,0.001,128,0.95,1234,95368.0,12207104.0,50000297984.0,204800.0,2.377836,0.0
dense_300M_xm01_lr0.001_gbsz128_beta20.95_6B,301880320,300000000.0,6000000000.0,1.086769152e+19,0.001,128,0.95,1234,11445.0,1464960.0,6000476160.0,204800.0,2.578934,0.0
dense_300M_xm01_lr0.001_gbsz128_beta20.95_80B,301880320,300000000.0,80000000000.0,1.449025536e+20,0.001,128,0.95,1234,152588.0,19531264.0,80000057344.0,204800.0,2.346684,0.0
dense_300M_xm01_lr0.001_gbsz256_beta20.95_120B,301880320,300000000.0,120000000000.0,2.173538304e+20,0.001,256,0.95,1234,114441.0,29296896.0,120000086016.0,204800.0,2.322675,0.0
dense_300M_xm01_lr0.001_gbsz256_beta20.95_12B,301880320,300000000.0,12000000000.0,2.173538304e+19,0.001,256,0.95,1234,11445.0,2929920.0,12000952320.0,204800.0,2.508302,0.0
dense_300M_xm01_lr0.001_gbsz256_beta20.95_200B,301880320,300000000.0,200000000000.0,3.62256384e+20,0.001,256,0.95,1234,190735.0,48828160.0,200000143360.0,204800.0,2.295688,0.0
dense_300M_xm01_lr0.001_gbsz256_beta20.95_20B,301880320,300000000.0,20000000000.0,3.62256384e+19,0.001,256,0.95,1234,19074.0,4882944.0,20000538624.0,204800.0,2.455037,0.0
dense_300M_xm01_lr0.001_gbsz256_beta20.95_300B,301880320,300000000.0,300000000000.0,5.43384576e+20,0.001,256,0.95,1234,286103.0,73242368.0,300000739328.0,204800.0,2.277814,0.0
dense_300M_xm01_lr0.001_gbsz256_beta20.95_30B,301880320,300000000.0,30000000000.0,5.43384576e+19,0.001,256,0.95,1234,28611.0,7324416.0,30000807936.0,204800.0,2.419707,0.0
dense_300M_xm01_lr0.001_gbsz256_beta20.95_50B,301880320,300000000.0,50000000000.0,9.0564096e+19,0.001,256,0.95,1234,47684.0,12207104.0,50000297984.0,204800.0,2.380412,0.0
dense_300M_xm01_lr0.001_gbsz256_beta20.95_80B,301880320,300000000.0,80000000000.0,1.449025536e+20,0.001,256,0.95,1234,76294.0,19531264.0,80000057344.0,204800.0,2.347798,0.0
dense_300M_xm01_lr0.001_gbsz32_beta20.95_12B,301880320,300000000.0,12000000000.0,2.173538304e+19,0.001,32,0.95,1234,91553.0,2929696.0,12000034816.0,204800.0,2.517179,0.0
dense_300M_xm01_lr0.001_gbsz32_beta20.95_20B,301880320,300000000.0,20000000000.0,3.62256384e+19,0.001,32,0.95,1234,152588.0,4882816.0,20000014336.0,204800.0,2.476117,0.0
dense_300M_xm01_lr0.001_gbsz32_beta20.95_30B,301880320,300000000.0,30000000000.0,5.43384576e+19,0.001,32,0.95,1234,228882.0,7324224.0,30000021504.0,204800.0,2.445307,0.0
dense_300M_xm01_lr0.001_gbsz32_beta20.95_6B,301880320,300000000.0,6000000000.0,1.086769152e+19,0.001,32,0.95,1234,45777.0,1464864.0,6000082944.0,204800.0,2.58557,0.0
dense_300M_xm01_lr0.001_gbsz512_beta20.95_120B,301880320,300000000.0,120000000000.0,2.173538304e+20,0.001,512,0.95,1234,57221.0,29297152.0,120001134592.0,204800.0,2.329728,0.0
dense_300M_xm01_lr0.001_gbsz512_beta20.95_200B,301880320,300000000.0,200000000000.0,3.62256384e+20,0.001,512,0.95,1234,95368.0,48828416.0,200001191936.0,204800.0,2.300419,0.0
dense_300M_xm01_lr0.001_gbsz512_beta20.95_20B,301880320,300000000.0,20000000000.0,3.62256384e+19,0.001,512,0.95,1234,9537.0,4882944.0,20000538624.0,204800.0,2.476948,0.0
dense_300M_xm01_lr0.001_gbsz512_beta20.95_300B,301880320,300000000.0,300000000000.0,5.43384576e+20,0.001,512,0.95,1234,143052.0,73242624.0,300001787904.0,204800.0,2.280984,0.0
dense_300M_xm01_lr0.001_gbsz512_beta20.95_30B,301880320,300000000.0,30000000000.0,5.43384576e+19,0.001,512,0.95,1234,14306.0,7324672.0,30001856512.0,204800.0,2.434289,0.0
dense_300M_xm01_lr0.001_gbsz512_beta20.95_50B,301880320,300000000.0,50000000000.0,9.0564096e+19,0.001,512,0.95,1234,23842.0,12207104.0,50000297984.0,204800.0,2.390511,0.0
dense_300M_xm01_lr0.001_gbsz512_beta20.95_80B,301880320,300000000.0,80000000000.0,1.449025536e+20,0.001,512,0.95,1234,38147.0,19531264.0,80000057344.0,204800.0,2.356287,0.0
dense_300M_xm01_lr0.001_gbsz64_beta20.95_12B,301880320,300000000.0,12000000000.0,2.173538304e+19,0.001,64,0.95,1234,45777.0,2929728.0,12000165888.0,204800.0,2.501882,0.0
dense_300M_xm01_lr0.001_gbsz64_beta20.95_200B,301880320,300000000.0,200000000000.0,3.62256384e+20,0.001,64,0.95,1234,762940.0,48828160.0,200000143360.0,204800.0,2.317142,0.0
dense_300M_xm01_lr0.001_gbsz64_beta20.95_20B,301880320,300000000.0,20000000000.0,3.62256384e+19,0.001,64,0.95,1234,76294.0,4882816.0,20000014336.0,204800.0,2.456498,0.0
dense_300M_xm01_lr0.001_gbsz64_beta20.95_30B,301880320,300000000.0,30000000000.0,5.43384576e+19,0.001,64,0.95,1234,114441.0,7324224.0,30000021504.0,204800.0,2.42514,0.0
dense_300M_xm01_lr0.001_gbsz64_beta20.95_50B,301880320,300000000.0,50000000000.0,9.0564096e+19,0.001,64,0.95,1234,190735.0,12207040.0,50000035840.0,204800.0,2.389291,0.0
dense_300M_xm01_lr0.001_gbsz64_beta20.95_6B,301880320,300000000.0,6000000000.0,1.086769152e+19,0.001,64,0.95,1234,22889.0,1464896.0,6000214016.0,204800.0,2.576155,0.0
dense_300M_xm01_lr0.001_gbsz64_beta20.95_80B,301880320,300000000.0,80000000000.0,1.449025536e+20,0.001,64,0.95,1234,305176.0,19531264.0,80000057344.0,204800.0,2.360603,0.0
dense_300M_xm01_lr0.002_gbsz1024_beta20.95_120B,301880320,300000000.0,120000000000.0,2.173538304e+20,0.002,1024,0.95,1234,28611.0,29297664.0,120003231744.0,204800.0,2.338813,0.0
dense_300M_xm01_lr0.002_gbsz1024_beta20.95_200B,301880320,300000000.0,200000000000.0,3.62256384e+20,0.002,1024,0.95,1234,47684.0,48828416.0,200001191936.0,204800.0,2.306853,0.0
dense_300M_xm01_lr0.002_gbsz1024_beta20.95_300B,301880320,300000000.0,300000000000.0,5.43384576e+20,0.002,1024,0.95,1234,71526.0,73242624.0,300001787904.0,204800.0,2.285249,0.0
dense_300M_xm01_lr0.002_gbsz1024_beta20.95_30B,301880320,300000000.0,30000000000.0,5.43384576e+19,0.002,1024,0.95,1234,7153.0,7324672.0,30001856512.0,204800.0,2.465743,0.0
dense_300M_xm01_lr0.002_gbsz1024_beta20.95_50B,301880320,300000000.0,50000000000.0,9.0564096e+19,0.002,1024,0.95,1234,11921.0,12207104.0,50000297984.0,204800.0,2.409471,0.0
dense_300M_xm01_lr0.002_gbsz1024_beta20.95_80B,301880320,300000000.0,80000000000.0,1.449025536e+20,0.002,1024,0.95,1234,19074.0,19531776.0,80002154496.0,204800.0,2.368284,0.0
dense_300M_xm01_lr0.002_gbsz128_beta20.95_120B,301880320,300000000.0,120000000000.0,2.173538304e+20,0.002,128,0.95,1234,228882.0,29296896.0,120000086016.0,204800.0,2.330517,0.0
dense_300M_xm01_lr0.002_gbsz128_beta20.95_12B,301880320,300000000.0,12000000000.0,2.173538304e+19,0.002,128,0.95,1234,22889.0,2929792.0,12000428032.0,204800.0,2.505046,0.0
dense_300M_xm01_lr0.002_gbsz128_beta20.95_200B,301880320,300000000.0,200000000000.0,3.62256384e+20,0.002,128,0.95,1234,381470.0,48828160.0,200000143360.0,204800.0,2.307424,0.0
dense_300M_xm01_lr0.002_gbsz128_beta20.95_20B,301880320,300000000.0,20000000000.0,3.62256384e+19,0.002,128,0.95,1234,38147.0,4882816.0,20000014336.0,204800.0,2.456931,0.0
dense_300M_xm01_lr0.002_gbsz128_beta20.95_300B,301880320,300000000.0,300000000000.0,5.43384576e+20,0.002,128,0.95,1234,572205.0,73242240.0,300000215040.0,204800.0,2.292748,0.0
dense_300M_xm01_lr0.002_gbsz128_beta20.95_30B,301880320,300000000.0,30000000000.0,5.43384576e+19,0.002,128,0.95,1234,57221.0,7324288.0,30000283648.0,204800.0,2.422597,0.0
dense_300M_xm01_lr0.002_gbsz128_beta20.95_50B,301880320,300000000.0,50000000000.0,9.0564096e+19,0.002,128,0.95,1234,95368.0,12207104.0,50000297984.0,204800.0,2.383989,0.0
dense_300M_xm01_lr0.002_gbsz128_beta20.95_6B,301880320,300000000.0,6000000000.0,1.086769152e+19,0.002,128,0.95,1234,11445.0,1464960.0,6000476160.0,204800.0,2.585689,0.0
dense_300M_xm01_lr0.002_gbsz128_beta20.95_80B,301880320,300000000.0,80000000000.0,1.449025536e+20,0.002,128,0.95,1234,152588.0,19531264.0,80000057344.0,204800.0,2.352874,0.0
dense_300M_xm01_lr0.002_gbsz256_beta20.95_120B,301880320,300000000.0,120000000000.0,2.173538304e+20,0.002,256,0.95,1234,114441.0,29296896.0,120000086016.0,204800.0,2.321048,0.0
dense_300M_xm01_lr0.002_gbsz256_beta20.95_12B,301880320,300000000.0,12000000000.0,2.173538304e+19,0.002,256,0.95,1234,11445.0,2929920.0,12000952320.0,204800.0,2.50893,0.0
dense_300M_xm01_lr0.002_gbsz256_beta20.95_200B,301880320,300000000.0,200000000000.0,3.62256384e+20,0.002,256,0.95,1234,190735.0,48828160.0,200000143360.0,204800.0,2.295475,0.0
dense_300M_xm01_lr0.002_gbsz256_beta20.95_20B,301880320,300000000.0,20000000000.0,3.62256384e+19,0.002,256,0.95,1234,19074.0,4882944.0,20000538624.0,204800.0,2.456843,0.0
dense_300M_xm01_lr0.002_gbsz256_beta20.95_300B,301880320,300000000.0,300000000000.0,5.43384576e+20,0.002,256,0.95,1234,286103.0,73242368.0,300000739328.0,204800.0,2.279243,0.0
dense_300M_xm01_lr0.002_gbsz256_beta20.95_30B,301880320,300000000.0,30000000000.0,5.43384576e+19,0.002,256,0.95,1234,28611.0,7324416.0,30000807936.0,204800.0,2.420409,0.0
dense_300M_xm01_lr0.002_gbsz256_beta20.95_50B,301880320,300000000.0,50000000000.0,9.0564096e+19,0.002,256,0.95,1234,47684.0,12207104.0,50000297984.0,204800.0,2.379015,0.0
dense_300M_xm01_lr0.002_gbsz256_beta20.95_80B,301880320,300000000.0,80000000000.0,1.449025536e+20,0.002,256,0.95,1234,76294.0,19531264.0,80000057344.0,204800.0,2.345699,0.0
dense_300M_xm01_lr0.002_gbsz512_beta20.95_120B,301880320,300000000.0,120000000000.0,2.173538304e+20,0.002,512,0.95,1234,57221.0,29297152.0,120001134592.0,204800.0,2.323931,0.0
dense_300M_xm01_lr0.002_gbsz512_beta20.95_200B,301880320,300000000.0,200000000000.0,3.62256384e+20,0.002,512,0.95,1234,95368.0,48828416.0,200001191936.0,204800.0,2.295151,0.0
dense_300M_xm01_lr0.002_gbsz512_beta20.95_20B,301880320,300000000.0,20000000000.0,3.62256384e+19,0.002,512,0.95,1234,9537.0,4882944.0,20000538624.0,204800.0,2.475899,0.0
dense_300M_xm01_lr0.002_gbsz512_beta20.95_300B,301880320,300000000.0,300000000000.0,5.43384576e+20,0.002,512,0.95,1234,143052.0,73242624.0,300001787904.0,204800.0,2.27687,0.0
dense_300M_xm01_lr0.002_gbsz512_beta20.95_30B,301880320,300000000.0,30000000000.0,5.43384576e+19,0.002,512,0.95,1234,14306.0,7324672.0,30001856512.0,204800.0,2.434183,0.0
dense_300M_xm01_lr0.002_gbsz512_beta20.95_50B,301880320,300000000.0,50000000000.0,9.0564096e+19,0.002,512,0.95,1234,23842.0,12207104.0,50000297984.0,204800.0,2.388773,0.0
dense_300M_xm01_lr0.002_gbsz512_beta20.95_80B,301880320,300000000.0,80000000000.0,1.449025536e+20,0.002,512,0.95,1234,38147.0,19531264.0,80000057344.0,204800.0,2.35149,0.0
dense_300M_xm01_lr0.002_gbsz64_beta20.95_120B,301880320,300000000.0,120000000000.0,2.173538304e+20,0.002,64,0.95,1234,457764.0,29296896.0,120000086016.0,204800.0,2.359229,0.0
dense_300M_xm01_lr0.002_gbsz64_beta20.95_12B,301880320,300000000.0,12000000000.0,2.173538304e+19,0.002,64,0.95,1234,45777.0,2929728.0,12000165888.0,204800.0,2.51122,0.0
dense_300M_xm01_lr0.002_gbsz64_beta20.95_200B,301880320,300000000.0,200000000000.0,3.62256384e+20,0.002,64,0.95,1234,762940.0,48828160.0,200000143360.0,204800.0,2.33856,0.0
dense_300M_xm01_lr0.002_gbsz64_beta20.95_20B,301880320,300000000.0,20000000000.0,3.62256384e+19,0.002,64,0.95,1234,76294.0,4882816.0,20000014336.0,204800.0,2.468511,0.0
dense_300M_xm01_lr0.002_gbsz64_beta20.95_30B,301880320,300000000.0,30000000000.0,5.43384576e+19,0.002,64,0.95,1234,114441.0,7324224.0,30000021504.0,204800.0,2.439319,0.0
dense_300M_xm01_lr0.002_gbsz64_beta20.95_50B,301880320,300000000.0,50000000000.0,9.0564096e+19,0.002,64,0.95,1234,190735.0,12207040.0,50000035840.0,204800.0,2.405582,0.0
dense_300M_xm01_lr0.002_gbsz64_beta20.95_6B,301880320,300000000.0,6000000000.0,1.086769152e+19,0.002,64,0.95,1234,22889.0,1464896.0,6000214016.0,204800.0,2.582624,0.0
dense_300M_xm01_lr0.002_gbsz64_beta20.95_80B,301880320,300000000.0,80000000000.0,1.449025536e+20,0.002,64,0.95,1234,305176.0,19531264.0,80000057344.0,204800.0,2.378662,0.0
dense_300M_xm01_lr0.004_gbsz1024_beta20.95_120B,301880320,300000000.0,120000000000.0,2.173538304e+20,0.004,1024,0.95,1234,28611.0,29297664.0,120003231744.0,204800.0,2.332852,0.0
dense_300M_xm01_lr0.004_gbsz1024_beta20.95_200B,301880320,300000000.0,200000000000.0,3.62256384e+20,0.004,1024,0.95,1234,47684.0,48828416.0,200001191936.0,204800.0,2.301485,0.0
dense_300M_xm01_lr0.004_gbsz1024_beta20.95_300B,301880320,300000000.0,300000000000.0,5.43384576e+20,0.004,1024,0.95,1234,71526.0,73242624.0,300001787904.0,204800.0,2.280859,0.0
dense_300M_xm01_lr0.004_gbsz1024_beta20.95_30B,301880320,300000000.0,30000000000.0,5.43384576e+19,0.004,1024,0.95,1234,7153.0,7324672.0,30001856512.0,204800.0,2.458883,0.0
dense_300M_xm01_lr0.004_gbsz1024_beta20.95_50B,301880320,300000000.0,50000000000.0,9.0564096e+19,0.004,1024,0.95,1234,11921.0,12207104.0,50000297984.0,204800.0,2.403635,0.0
dense_300M_xm01_lr0.004_gbsz1024_beta20.95_80B,301880320,300000000.0,80000000000.0,1.449025536e+20,0.004,1024,0.95,1234,19074.0,19531776.0,80002154496.0,204800.0,2.362674,0.0
dense_300M_xm01_lr0.004_gbsz128_beta20.95_120B,301880320,300000000.0,120000000000.0,2.173538304e+20,0.004,128,0.95,1234,228882.0,29296896.0,120000086016.0,204800.0,2.34714,0.0
dense_300M_xm01_lr0.004_gbsz128_beta20.95_12B,301880320,300000000.0,12000000000.0,2.173538304e+19,0.004,128,0.95,1234,22889.0,2929792.0,12000428032.0,204800.0,2.505543,0.0
dense_300M_xm01_lr0.004_gbsz128_beta20.95_200B,301880320,300000000.0,200000000000.0,3.62256384e+20,0.004,128,0.95,1234,381470.0,48828160.0,200000143360.0,204800.0,2.327608,0.0
dense_300M_xm01_lr0.004_gbsz128_beta20.95_20B,301880320,300000000.0,20000000000.0,3.62256384e+19,0.004,128,0.95,1234,38147.0,4882816.0,20000014336.0,204800.0,2.457967,0.0
dense_300M_xm01_lr0.004_gbsz128_beta20.95_300B,301880320,300000000.0,300000000000.0,5.43384576e+20,0.004,128,0.95,1234,572205.0,73242240.0,300000215040.0,204800.0,2.314946,0.0
dense_300M_xm01_lr0.004_gbsz128_beta20.95_30B,301880320,300000000.0,30000000000.0,5.43384576e+19,0.004,128,0.95,1234,57221.0,7324288.0,30000283648.0,204800.0,2.42591,0.0
dense_300M_xm01_lr0.004_gbsz128_beta20.95_50B,301880320,300000000.0,50000000000.0,9.0564096e+19,0.004,128,0.95,1234,95368.0,12207104.0,50000297984.0,204800.0,2.391766,0.0
dense_300M_xm01_lr0.004_gbsz128_beta20.95_6B,301880320,300000000.0,6000000000.0,1.086769152e+19,0.004,128,0.95,1234,11445.0,1464960.0,6000476160.0,204800.0,2.584922,0.0
dense_300M_xm01_lr0.004_gbsz128_beta20.95_80B,301880320,300000000.0,80000000000.0,1.449025536e+20,0.004,128,0.95,1234,152588.0,19531264.0,80000057344.0,204800.0,2.365748,0.0
dense_300M_xm01_lr0.004_gbsz256_beta20.95_120B,301880320,300000000.0,120000000000.0,2.173538304e+20,0.004,256,0.95,1234,114441.0,29296896.0,120000086016.0,204800.0,2.332484,0.0
dense_300M_xm01_lr0.004_gbsz256_beta20.95_12B,301880320,300000000.0,12000000000.0,2.173538304e+19,0.004,256,0.95,1234,11445.0,2929920.0,12000952320.0,204800.0,2.512395,0.0
dense_300M_xm01_lr0.004_gbsz256_beta20.95_200B,301880320,300000000.0,200000000000.0,3.62256384e+20,0.004,256,0.95,1234,190735.0,48828160.0,200000143360.0,204800.0,2.309398,0.0
dense_300M_xm01_lr0.004_gbsz256_beta20.95_20B,301880320,300000000.0,20000000000.0,3.62256384e+19,0.004,256,0.95,1234,19074.0,4882944.0,20000538624.0,204800.0,2.459906,0.0
dense_300M_xm01_lr0.004_gbsz256_beta20.95_300B,301880320,300000000.0,300000000000.0,5.43384576e+20,0.004,256,0.95,1234,286103.0,73242368.0,300000739328.0,204800.0,2.295171,0.0
dense_300M_xm01_lr0.004_gbsz256_beta20.95_30B,301880320,300000000.0,30000000000.0,5.43384576e+19,0.004,256,0.95,1234,28611.0,7324416.0,30000807936.0,204800.0,2.423611,0.0
dense_300M_xm01_lr0.004_gbsz256_beta20.95_50B,301880320,300000000.0,50000000000.0,9.0564096e+19,0.004,256,0.95,1234,47684.0,12207104.0,50000297984.0,204800.0,2.384738,0.0
dense_300M_xm01_lr0.004_gbsz256_beta20.95_80B,301880320,300000000.0,80000000000.0,1.449025536e+20,0.004,256,0.95,1234,76294.0,19531264.0,80000057344.0,204800.0,2.35457,0.0
dense_300M_xm01_lr0.004_gbsz512_beta20.95_120B,301880320,300000000.0,120000000000.0,2.173538304e+20,0.004,512,0.95,1234,57221.0,29297152.0,120001134592.0,204800.0,2.323998,0.0
dense_300M_xm01_lr0.004_gbsz512_beta20.95_200B,301880320,300000000.0,200000000000.0,3.62256384e+20,0.004,512,0.95,1234,95368.0,48828416.0,200001191936.0,204800.0,2.297732,0.0
dense_300M_xm01_lr0.004_gbsz512_beta20.95_20B,301880320,300000000.0,20000000000.0,3.62256384e+19,0.004,512,0.95,1234,9537.0,4882944.0,20000538624.0,204800.0,2.474608,0.0
dense_300M_xm01_lr0.004_gbsz512_beta20.95_300B,301880320,300000000.0,300000000000.0,5.43384576e+20,0.004,512,0.95,1234,143052.0,73242624.0,300001787904.0,204800.0,2.280725,0.0
dense_300M_xm01_lr0.004_gbsz512_beta20.95_30B,301880320,300000000.0,30000000000.0,5.43384576e+19,0.004,512,0.95,1234,14306.0,7324672.0,30001856512.0,204800.0,2.432654,0.0
dense_300M_xm01_lr0.004_gbsz512_beta20.95_50B,301880320,300000000.0,50000000000.0,9.0564096e+19,0.004,512,0.95,1234,23842.0,12207104.0,50000297984.0,204800.0,2.386237,0.0
dense_300M_xm01_lr0.004_gbsz512_beta20.95_80B,301880320,300000000.0,80000000000.0,1.449025536e+20,0.004,512,0.95,1234,38147.0,19531264.0,80000057344.0,204800.0,2.350002,0.0
dense_300M_xm01_lr0.004_gbsz64_beta20.95_12B,301880320,300000000.0,12000000000.0,2.173538304e+19,0.004,64,0.95,1234,45777.0,2929728.0,12000165888.0,204800.0,2.525729,0.0
dense_300M_xm01_lr0.004_gbsz64_beta20.95_200B,301880320,300000000.0,200000000000.0,3.62256384e+20,0.004,64,0.95,1234,762940.0,48828160.0,200000143360.0,204800.0,2.370975,0.0
dense_300M_xm01_lr0.004_gbsz64_beta20.95_20B,301880320,300000000.0,20000000000.0,3.62256384e+19,0.004,64,0.95,1234,76294.0,4882816.0,20000014336.0,204800.0,2.485632,0.0
dense_300M_xm01_lr0.004_gbsz64_beta20.95_30B,301880320,300000000.0,30000000000.0,5.43384576e+19,0.004,64,0.95,1234,114441.0,7324224.0,30000021504.0,204800.0,2.457813,0.0
dense_300M_xm01_lr0.004_gbsz64_beta20.95_50B,301880320,300000000.0,50000000000.0,9.0564096e+19,0.004,64,0.95,1234,190735.0,12207040.0,50000035840.0,204800.0,2.4287,0.0
dense_300M_xm01_lr0.004_gbsz64_beta20.95_6B,301880320,300000000.0,6000000000.0,1.086769152e+19,0.004,64,0.95,1234,22889.0,1464896.0,6000214016.0,204800.0,2.592864,0.0
dense_300M_xm01_lr0.004_gbsz64_beta20.95_80B,301880320,300000000.0,80000000000.0,1.449025536e+20,0.004,64,0.95,1234,305176.0,19531264.0,80000057344.0,204800.0,2.404836,0.0
dense_50M_xm01_lr0.0005_gbsz1024_beta20.99_120B,47557632,50000000.0,120000000000.0,3.424149504e+19,0.0005,1024,0.99,1234,28611.0,29297664.0,120003231744.0,204800.0,2.844898,0.0
dense_50M_xm01_lr0.0005_gbsz1024_beta20.99_200B,47557632,50000000.0,200000000000.0,5.70691584e+19,0.0005,1024,0.99,1234,47684.0,48828416.0,200001191936.0,204800.0,2.816654,0.0
dense_50M_xm01_lr0.0005_gbsz1024_beta20.99_300B,47557632,50000000.0,300000000000.0,8.56037376e+19,0.0005,1024,0.99,1234,71526.0,73242624.0,300001787904.0,204800.0,2.798893,0.0
dense_50M_xm01_lr0.0005_gbsz1024_beta20.99_30B,47557632,50000000.0,30000000000.0,8.56037376e+18,0.0005,1024,0.99,1234,7153.0,7324672.0,30001856512.0,204800.0,2.992095,0.0
dense_50M_xm01_lr0.0005_gbsz1024_beta20.99_50B,47557632,50000000.0,50000000000.0,1.42672896e+19,0.0005,1024,0.99,1234,11921.0,12207104.0,50000297984.0,204800.0,2.919961,0.0
dense_50M_xm01_lr0.0005_gbsz1024_beta20.99_80B,47557632,50000000.0,80000000000.0,2.282766336e+19,0.0005,1024,0.99,1234,19074.0,19531776.0,80002154496.0,204800.0,2.874172,0.0
dense_50M_xm01_lr0.0005_gbsz128_beta20.99_120B,47557632,50000000.0,120000000000.0,3.424149504e+19,0.0005,128,0.99,1234,228882.0,29296896.0,120000086016.0,204800.0,2.78209,0.0
dense_50M_xm01_lr0.0005_gbsz128_beta20.99_12B,47557632,50000000.0,12000000000.0,3.424149504e+18,0.0005,128,0.99,1234,22889.0,2929792.0,12000428032.0,204800.0,2.914717,0.0
dense_50M_xm01_lr0.0005_gbsz128_beta20.99_200B,47557632,50000000.0,200000000000.0,5.70691584e+19,0.0005,128,0.99,1234,381470.0,48828160.0,200000143360.0,204800.0,2.76632,0.0
dense_50M_xm01_lr0.0005_gbsz128_beta20.99_20B,47557632,50000000.0,20000000000.0,5.70691584e+18,0.0005,128,0.99,1234,38147.0,4882816.0,20000014336.0,204800.0,2.872787,0.0
dense_50M_xm01_lr0.0005_gbsz128_beta20.99_300B,47557632,50000000.0,300000000000.0,8.56037376e+19,0.0005,128,0.99,1234,572205.0,73242240.0,300000215040.0,204800.0,2.755905,0.0
dense_50M_xm01_lr0.0005_gbsz128_beta20.99_30B,47557632,50000000.0,30000000000.0,8.56037376e+18,0.0005,128,0.99,1234,57221.0,7324288.0,30000283648.0,204800.0,2.846055,0.0
dense_50M_xm01_lr0.0005_gbsz128_beta20.99_50B,47557632,50000000.0,50000000000.0,1.42672896e+19,0.0005,128,0.99,1234,95368.0,12207104.0,50000297984.0,204800.0,2.818216,0.0
dense_50M_xm01_lr0.0005_gbsz128_beta20.99_6B,47557632,50000000.0,6000000000.0,1.712074752e+18,0.0005,128,0.99,1234,11445.0,1464960.0,6000476160.0,204800.0,2.99476225,0.0007068108392632316
dense_50M_xm01_lr0.0005_gbsz128_beta20.99_80B,47557632,50000000.0,80000000000.0,2.282766336e+19,0.0005,128,0.99,1234,152588.0,19531264.0,80000057344.0,204800.0,2.797227,0.0
dense_50M_xm01_lr0.0005_gbsz16_beta20.99_12B,47557632,50000000.0,12000000000.0,3.424149504e+18,0.0005,16,0.99,1234,183106.0,2929696.0,12000034816.0,204800.0,2.882321,0.0
dense_50M_xm01_lr0.0005_gbsz16_beta20.99_20B,47557632,50000000.0,20000000000.0,5.70691584e+18,0.0005,16,0.99,1234,305176.0,4882816.0,20000014336.0,204800.0,2.852661,0.0
dense_50M_xm01_lr0.0005_gbsz16_beta20.99_30B,47557632,50000000.0,30000000000.0,8.56037376e+18,0.0005,16,0.99,1234,457764.0,7324224.0,30000021504.0,204800.0,2.833473,0.0
dense_50M_xm01_lr0.0005_gbsz16_beta20.99_6B,47557632,50000000.0,6000000000.0,1.712074752e+18,0.0005,16,0.99,1234,91553.0,1464848.0,6000017408.0,204800.0,2.9353714,0.0016755351264596233
dense_50M_xm01_lr0.0005_gbsz256_beta20.99_120B,47557632,50000000.0,120000000000.0,3.424149504e+19,0.0005,256,0.99,1234,114441.0,29296896.0,120000086016.0,204800.0,2.795362,0.0
dense_50M_xm01_lr0.0005_gbsz256_beta20.99_12B,47557632,50000000.0,12000000000.0,3.424149504e+18,0.0005,256,0.99,1234,11445.0,2929920.0,12000952320.0,204800.0,2.959924,0.0
dense_50M_xm01_lr0.0005_gbsz256_beta20.99_200B,47557632,50000000.0,200000000000.0,5.70691584e+19,0.0005,256,0.99,1234,190735.0,48828160.0,200000143360.0,204800.0,2.776725,0.0
dense_50M_xm01_lr0.0005_gbsz256_beta20.99_20B,47557632,50000000.0,20000000000.0,5.70691584e+18,0.0005,256,0.99,1234,19074.0,4882944.0,20000538624.0,204800.0,2.903282,0.0
dense_50M_xm01_lr0.0005_gbsz256_beta20.99_300B,47557632,50000000.0,300000000000.0,8.56037376e+19,0.0005,256,0.99,1234,286103.0,73242368.0,300000739328.0,204800.0,2.76442,0.0
dense_50M_xm01_lr0.0005_gbsz256_beta20.99_30B,47557632,50000000.0,30000000000.0,8.56037376e+18,0.0005,256,0.99,1234,28611.0,7324416.0,30000807936.0,204800.0,2.870158,0.0
dense_50M_xm01_lr0.0005_gbsz256_beta20.99_50B,47557632,50000000.0,50000000000.0,1.42672896e+19,0.0005,256,0.99,1234,47684.0,12207104.0,50000297984.0,204800.0,2.837271,0.0
dense_50M_xm01_lr0.0005_gbsz256_beta20.99_80B,47557632,50000000.0,80000000000.0,2.282766336e+19,0.0005,256,0.99,1234,76294.0,19531264.0,80000057344.0,204800.0,2.812984,0.0
dense_50M_xm01_lr0.0005_gbsz32_beta20.99_12B,47557632,50000000.0,12000000000.0,3.424149504e+18,0.0005,32,0.99,1234,91553.0,2929696.0,12000034816.0,204800.0,2.882773,0.0
dense_50M_xm01_lr0.0005_gbsz32_beta20.99_20B,47557632,50000000.0,20000000000.0,5.70691584e+18,0.0005,32,0.99,1234,152588.0,4882816.0,20000014336.0,204800.0,2.84912,0.0
dense_50M_xm01_lr0.0005_gbsz32_beta20.99_30B,47557632,50000000.0,30000000000.0,8.56037376e+18,0.0005,32,0.99,1234,228882.0,7324224.0,30000021504.0,204800.0,2.827023,0.0
dense_50M_xm01_lr0.0005_gbsz32_beta20.99_50B,47557632,50000000.0,50000000000.0,1.42672896e+19,0.0005,32,0.99,1234,381470.0,12207040.0,50000035840.0,204800.0,2.804694,0.0
dense_50M_xm01_lr0.0005_gbsz32_beta20.99_6B,47557632,50000000.0,6000000000.0,1.712074752e+18,0.0005,32,0.99,1234,45777.0,1464864.0,6000082944.0,204800.0,2.941716166666667,0.0012131855976907748
dense_50M_xm01_lr0.0005_gbsz512_beta20.99_120B,47557632,50000000.0,120000000000.0,3.424149504e+19,0.0005,512,0.99,1234,57221.0,29297152.0,120001134592.0,204800.0,2.814225,0.0
dense_50M_xm01_lr0.0005_gbsz512_beta20.99_200B,47557632,50000000.0,200000000000.0,5.70691584e+19,0.0005,512,0.99,1234,95368.0,48828416.0,200001191936.0,204800.0,2.792367,0.0
dense_50M_xm01_lr0.0005_gbsz512_beta20.99_20B,47557632,50000000.0,20000000000.0,5.70691584e+18,0.0005,512,0.99,1234,9537.0,4882944.0,20000538624.0,204800.0,2.961042,0.0
dense_50M_xm01_lr0.0005_gbsz512_beta20.99_300B,47557632,50000000.0,300000000000.0,8.56037376e+19,0.0005,512,0.99,1234,143052.0,73242624.0,300001787904.0,204800.0,2.777997,0.0
dense_50M_xm01_lr0.0005_gbsz512_beta20.99_30B,47557632,50000000.0,30000000000.0,8.56037376e+18,0.0005,512,0.99,1234,14306.0,7324672.0,30001856512.0,204800.0,2.910961,0.0
dense_50M_xm01_lr0.0005_gbsz512_beta20.99_50B,47557632,50000000.0,50000000000.0,1.42672896e+19,0.0005,512,0.99,1234,23842.0,12207104.0,50000297984.0,204800.0,2.865851,0.0
dense_50M_xm01_lr0.0005_gbsz512_beta20.99_80B,47557632,50000000.0,80000000000.0,2.282766336e+19,0.0005,512,0.99,1234,38147.0,19531264.0,80000057344.0,204800.0,2.835432,0.0
dense_50M_xm01_lr0.0005_gbsz64_beta20.99_120B,47557632,50000000.0,120000000000.0,3.424149504e+19,0.0005,64,0.99,1234,457764.0,29296896.0,120000086016.0,204800.0,2.775437,0.0
dense_50M_xm01_lr0.0005_gbsz64_beta20.99_12B,47557632,50000000.0,12000000000.0,3.424149504e+18,0.0005,64,0.99,1234,45777.0,2929728.0,12000165888.0,204800.0,2.894279,0.0
dense_50M_xm01_lr0.0005_gbsz64_beta20.99_200B,47557632,50000000.0,200000000000.0,5.70691584e+19,0.0005,64,0.99,1234,762940.0,48828160.0,200000143360.0,204800.0,2.761464,0.0
dense_50M_xm01_lr0.0005_gbsz64_beta20.99_20B,47557632,50000000.0,20000000000.0,5.70691584e+18,0.0005,64,0.99,1234,76294.0,4882816.0,20000014336.0,204800.0,2.857643,0.0
dense_50M_xm01_lr0.0005_gbsz64_beta20.99_30B,47557632,50000000.0,30000000000.0,8.56037376e+18,0.0005,64,0.99,1234,114441.0,7324224.0,30000021504.0,204800.0,2.833348,0.0
dense_50M_xm01_lr0.0005_gbsz64_beta20.99_50B,47557632,50000000.0,50000000000.0,1.42672896e+19,0.0005,64,0.99,1234,190735.0,12207040.0,50000035840.0,204800.0,2.80792,0.0
dense_50M_xm01_lr0.0005_gbsz64_beta20.99_6B,47557632,50000000.0,6000000000.0,1.712074752e+18,0.0005,64,0.99,1234,22889.0,1464896.0,6000214016.0,204800.0,2.957942,0.0005200521127733408
dense_50M_xm01_lr0.0005_gbsz64_beta20.99_80B,47557632,50000000.0,80000000000.0,2.282766336e+19,0.0005,64,0.99,1234,305176.0,19531264.0,80000057344.0,204800.0,2.788989,0.0
dense_50M_xm01_lr0.001_gbsz1024_beta20.99_120B,47557632,50000000.0,120000000000.0,3.424149504e+19,0.001,1024,0.99,1234,28611.0,29297664.0,120003231744.0,204800.0,2.819172,0.0
dense_50M_xm01_lr0.001_gbsz1024_beta20.99_200B,47557632,50000000.0,200000000000.0,5.70691584e+19,0.001,1024,0.99,1234,47684.0,48828416.0,200001191936.0,204800.0,2.795843,0.0
dense_50M_xm01_lr0.001_gbsz1024_beta20.99_300B,47557632,50000000.0,300000000000.0,8.56037376e+19,0.001,1024,0.99,1234,71526.0,73242624.0,300001787904.0,204800.0,2.780664,0.0
dense_50M_xm01_lr0.001_gbsz1024_beta20.99_30B,47557632,50000000.0,30000000000.0,8.56037376e+18,0.001,1024,0.99,1234,7153.0,7324672.0,30001856512.0,204800.0,2.932919,0.0
dense_50M_xm01_lr0.001_gbsz1024_beta20.99_50B,47557632,50000000.0,50000000000.0,1.42672896e+19,0.001,1024,0.99,1234,11921.0,12207104.0,50000297984.0,204800.0,2.877348,0.0
dense_50M_xm01_lr0.001_gbsz1024_beta20.99_80B,47557632,50000000.0,80000000000.0,2.282766336e+19,0.001,1024,0.99,1234,19074.0,19531776.0,80002154496.0,204800.0,2.842491,0.0
dense_50M_xm01_lr0.001_gbsz128_beta20.99_120B,47557632,50000000.0,120000000000.0,3.424149504e+19,0.001,128,0.99,1234,228882.0,29296896.0,120000086016.0,204800.0,2.770507,0.0
dense_50M_xm01_lr0.001_gbsz128_beta20.99_12B,47557632,50000000.0,12000000000.0,3.424149504e+18,0.001,128,0.99,1234,22889.0,2929792.0,12000428032.0,204800.0,2.89041,0.0
dense_50M_xm01_lr0.001_gbsz128_beta20.99_200B,47557632,50000000.0,200000000000.0,5.70691584e+19,0.001,128,0.99,1234,381470.0,48828160.0,200000143360.0,204800.0,2.756412,0.0
dense_50M_xm01_lr0.001_gbsz128_beta20.99_20B,47557632,50000000.0,20000000000.0,5.70691584e+18,0.001,128,0.99,1234,38147.0,4882816.0,20000014336.0,204800.0,2.852939,0.0
dense_50M_xm01_lr0.001_gbsz128_beta20.99_300B,47557632,50000000.0,300000000000.0,8.56037376e+19,0.001,128,0.99,1234,572205.0,73242240.0,300000215040.0,204800.0,2.747283,0.0
dense_50M_xm01_lr0.001_gbsz128_beta20.99_30B,47557632,50000000.0,30000000000.0,8.56037376e+18,0.001,128,0.99,1234,57221.0,7324288.0,30000283648.0,204800.0,2.828561,0.0
dense_50M_xm01_lr0.001_gbsz128_beta20.99_50B,47557632,50000000.0,50000000000.0,1.42672896e+19,0.001,128,0.99,1234,95368.0,12207104.0,50000297984.0,204800.0,2.802991,0.0
dense_50M_xm01_lr0.001_gbsz128_beta20.99_6B,47557632,50000000.0,6000000000.0,1.712074752e+18,0.001,128,0.99,1234,11445.0,1464960.0,6000476160.0,204800.0,2.9596275,0.001801775998841084
dense_50M_xm01_lr0.001_gbsz128_beta20.99_80B,47557632,50000000.0,80000000000.0,2.282766336e+19,0.001,128,0.99,1234,152588.0,19531264.0,80000057344.0,204800.0,2.783938,0.0
dense_50M_xm01_lr0.001_gbsz16_beta20.99_12B,47557632,50000000.0,12000000000.0,3.424149504e+18,0.001,16,0.99,1234,183106.0,2929696.0,12000034816.0,204800.0,2.883556,0.0
dense_50M_xm01_lr0.001_gbsz16_beta20.99_20B,47557632,50000000.0,20000000000.0,5.70691584e+18,0.001,16,0.99,1234,305176.0,4882816.0,20000014336.0,204800.0,2.855608,0.0
dense_50M_xm01_lr0.001_gbsz16_beta20.99_30B,47557632,50000000.0,30000000000.0,8.56037376e+18,0.001,16,0.99,1234,457764.0,7324224.0,30000021504.0,204800.0,2.836912,0.0
dense_50M_xm01_lr0.001_gbsz16_beta20.99_6B,47557632,50000000.0,6000000000.0,1.712074752e+18,0.001,16,0.99,1234,91553.0,1464848.0,6000017408.0,204800.0,2.9305737142857144,0.0009598266389670138
dense_50M_xm01_lr0.001_gbsz256_beta20.99_120B,47557632,50000000.0,120000000000.0,3.424149504e+19,0.001,256,0.99,1234,114441.0,29296896.0,120000086016.0,204800.0,2.780797,0.0
dense_50M_xm01_lr0.001_gbsz256_beta20.99_12B,47557632,50000000.0,12000000000.0,3.424149504e+18,0.001,256,0.99,1234,11445.0,2929920.0,12000952320.0,204800.0,2.918966,0.0
dense_50M_xm01_lr0.001_gbsz256_beta20.99_200B,47557632,50000000.0,200000000000.0,5.70691584e+19,0.001,256,0.99,1234,190735.0,48828160.0,200000143360.0,204800.0,2.764333,0.0
dense_50M_xm01_lr0.001_gbsz256_beta20.99_20B,47557632,50000000.0,20000000000.0,5.70691584e+18,0.001,256,0.99,1234,19074.0,4882944.0,20000538624.0,204800.0,2.87446,0.0
dense_50M_xm01_lr0.001_gbsz256_beta20.99_300B,47557632,50000000.0,300000000000.0,8.56037376e+19,0.001,256,0.99,1234,286103.0,73242368.0,300000739328.0,204800.0,2.753432,0.0
dense_50M_xm01_lr0.001_gbsz256_beta20.99_30B,47557632,50000000.0,30000000000.0,8.56037376e+18,0.001,256,0.99,1234,28611.0,7324416.0,30000807936.0,204800.0,2.846527,0.0
dense_50M_xm01_lr0.001_gbsz256_beta20.99_50B,47557632,50000000.0,50000000000.0,1.42672896e+19,0.001,256,0.99,1234,47684.0,12207104.0,50000297984.0,204800.0,2.81804,0.0
dense_50M_xm01_lr0.001_gbsz256_beta20.99_80B,47557632,50000000.0,80000000000.0,2.282766336e+19,0.001,256,0.99,1234,76294.0,19531264.0,80000057344.0,204800.0,2.796469,0.0
dense_50M_xm01_lr0.001_gbsz32_beta20.99_12B,47557632,50000000.0,12000000000.0,3.424149504e+18,0.001,32,0.99,1234,91553.0,2929696.0,12000034816.0,204800.0,2.874975,0.0
dense_50M_xm01_lr0.001_gbsz32_beta20.99_20B,47557632,50000000.0,20000000000.0,5.70691584e+18,0.001,32,0.99,1234,152588.0,4882816.0,20000014336.0,204800.0,2.843615,0.0
dense_50M_xm01_lr0.001_gbsz32_beta20.99_30B,47557632,50000000.0,30000000000.0,8.56037376e+18,0.001,32,0.99,1234,228882.0,7324224.0,30000021504.0,204800.0,2.822961,0.0
dense_50M_xm01_lr0.001_gbsz32_beta20.99_50B,47557632,50000000.0,50000000000.0,1.42672896e+19,0.001,32,0.99,1234,381470.0,12207040.0,50000035840.0,204800.0,2.802204,0.0
dense_50M_xm01_lr0.001_gbsz32_beta20.99_6B,47557632,50000000.0,6000000000.0,1.712074752e+18,0.001,32,0.99,1234,45777.0,1464864.0,6000082944.0,204800.0,2.928201428571428,0.001037738448952996
dense_50M_xm01_lr0.001_gbsz512_beta20.99_120B,47557632,50000000.0,120000000000.0,3.424149504e+19,0.001,512,0.99,1234,57221.0,29297152.0,120001134592.0,204800.0,2.795082,0.0
dense_50M_xm01_lr0.001_gbsz512_beta20.99_200B,47557632,50000000.0,200000000000.0,5.70691584e+19,0.001,512,0.99,1234,95368.0,48828416.0,200001191936.0,204800.0,2.775929,0.0
dense_50M_xm01_lr0.001_gbsz512_beta20.99_20B,47557632,50000000.0,20000000000.0,5.70691584e+18,0.001,512,0.99,1234,9537.0,4882944.0,20000538624.0,204800.0,2.913391,0.0
dense_50M_xm01_lr0.001_gbsz512_beta20.99_300B,47557632,50000000.0,300000000000.0,8.56037376e+19,0.001,512,0.99,1234,143052.0,73242624.0,300001787904.0,204800.0,2.7632,0.0
dense_50M_xm01_lr0.001_gbsz512_beta20.99_30B,47557632,50000000.0,30000000000.0,8.56037376e+18,0.001,512,0.99,1234,14306.0,7324672.0,30001856512.0,204800.0,2.875004,0.0
dense_50M_xm01_lr0.001_gbsz512_beta20.99_50B,47557632,50000000.0,50000000000.0,1.42672896e+19,0.001,512,0.99,1234,23842.0,12207104.0,50000297984.0,204800.0,2.839132,0.0
dense_50M_xm01_lr0.001_gbsz512_beta20.99_80B,47557632,50000000.0,80000000000.0,2.282766336e+19,0.001,512,0.99,1234,38147.0,19531264.0,80000057344.0,204800.0,2.813456,0.0
dense_50M_xm01_lr0.001_gbsz64_beta20.99_120B,47557632,50000000.0,120000000000.0,3.424149504e+19,0.001,64,0.99,1234,457764.0,29296896.0,120000086016.0,204800.0,2.769212,0.0
dense_50M_xm01_lr0.001_gbsz64_beta20.99_12B,47557632,50000000.0,12000000000.0,3.424149504e+18,0.001,64,0.99,1234,45777.0,2929728.0,12000165888.0,204800.0,2.877201,0.0
dense_50M_xm01_lr0.001_gbsz64_beta20.99_200B,47557632,50000000.0,200000000000.0,5.70691584e+19,0.001,64,0.99,1234,762940.0,48828160.0,200000143360.0,204800.0,2.756893,0.0
dense_50M_xm01_lr0.001_gbsz64_beta20.99_20B,47557632,50000000.0,20000000000.0,5.70691584e+18,0.001,64,0.99,1234,76294.0,4882816.0,20000014336.0,204800.0,2.843588,0.0
dense_50M_xm01_lr0.001_gbsz64_beta20.99_30B,47557632,50000000.0,30000000000.0,8.56037376e+18,0.001,64,0.99,1234,114441.0,7324224.0,30000021504.0,204800.0,2.821313,0.0
dense_50M_xm01_lr0.001_gbsz64_beta20.99_50B,47557632,50000000.0,50000000000.0,1.42672896e+19,0.001,64,0.99,1234,190735.0,12207040.0,50000035840.0,204800.0,2.7995900000000002,0.0012239999999998916
dense_50M_xm01_lr0.001_gbsz64_beta20.99_6B,47557632,50000000.0,6000000000.0,1.712074752e+18,0.001,64,0.99,1234,22889.0,1464896.0,6000214016.0,204800.0,2.937175,0.001006057205133033
dense_50M_xm01_lr0.001_gbsz64_beta20.99_80B,47557632,50000000.0,80000000000.0,2.282766336e+19,0.001,64,0.99,1234,305176.0,19531264.0,80000057344.0,204800.0,2.78125,0.0
dense_50M_xm01_lr0.002_gbsz1024_beta20.99_120B,47557632,50000000.0,120000000000.0,3.424149504e+19,0.002,1024,0.99,1234,28611.0,29297664.0,120003231744.0,204800.0,2.804689,0.0
dense_50M_xm01_lr0.002_gbsz1024_beta20.99_200B,47557632,50000000.0,200000000000.0,5.70691584e+19,0.002,1024,0.99,1234,47684.0,48828416.0,200001191936.0,204800.0,2.782635,0.0
dense_50M_xm01_lr0.002_gbsz1024_beta20.99_300B,47557632,50000000.0,300000000000.0,8.56037376e+19,0.002,1024,0.99,1234,71526.0,73242624.0,300001787904.0,204800.0,2.768388,0.0
dense_50M_xm01_lr0.002_gbsz1024_beta20.99_30B,47557632,50000000.0,30000000000.0,8.56037376e+18,0.002,1024,0.99,1234,7153.0,7324672.0,30001856512.0,204800.0,2.902047,0.0
dense_50M_xm01_lr0.002_gbsz1024_beta20.99_50B,47557632,50000000.0,50000000000.0,1.42672896e+19,0.002,1024,0.99,1234,11921.0,12207104.0,50000297984.0,204800.0,2.856923,0.0
dense_50M_xm01_lr0.002_gbsz1024_beta20.99_80B,47557632,50000000.0,80000000000.0,2.282766336e+19,0.002,1024,0.99,1234,19074.0,19531776.0,80002154496.0,204800.0,2.825941,0.0
dense_50M_xm01_lr0.002_gbsz128_beta20.99_120B,47557632,50000000.0,120000000000.0,3.424149504e+19,0.002,128,0.99,1234,228882.0,29296896.0,120000086016.0,204800.0,2.768867,0.0
dense_50M_xm01_lr0.002_gbsz128_beta20.99_12B,47557632,50000000.0,12000000000.0,3.424149504e+18,0.002,128,0.99,1234,22889.0,2929792.0,12000428032.0,204800.0,2.88663,0.0
dense_50M_xm01_lr0.002_gbsz128_beta20.99_200B,47557632,50000000.0,200000000000.0,5.70691584e+19,0.002,128,0.99,1234,381470.0,48828160.0,200000143360.0,204800.0,2.755713,0.0
dense_50M_xm01_lr0.002_gbsz128_beta20.99_20B,47557632,50000000.0,20000000000.0,5.70691584e+18,0.002,128,0.99,1234,38147.0,4882816.0,20000014336.0,204800.0,2.849112,0.0
dense_50M_xm01_lr0.002_gbsz128_beta20.99_300B,47557632,50000000.0,300000000000.0,8.56037376e+19,0.002,128,0.99,1234,572205.0,73242240.0,300000215040.0,204800.0,2.747424,0.0
dense_50M_xm01_lr0.002_gbsz128_beta20.99_30B,47557632,50000000.0,30000000000.0,8.56037376e+18,0.002,128,0.99,1234,57221.0,7324288.0,30000283648.0,204800.0,2.824871,0.0
dense_50M_xm01_lr0.002_gbsz128_beta20.99_50B,47557632,50000000.0,50000000000.0,1.42672896e+19,0.002,128,0.99,1234,95368.0,12207104.0,50000297984.0,204800.0,2.800051,0.0
dense_50M_xm01_lr0.002_gbsz128_beta20.99_6B,47557632,50000000.0,6000000000.0,1.712074752e+18,0.002,128,0.99,1234,11445.0,1464960.0,6000476160.0,204800.0,2.9429055,0.004062998923209283
dense_50M_xm01_lr0.002_gbsz128_beta20.99_80B,47557632,50000000.0,80000000000.0,2.282766336e+19,0.002,128,0.99,1234,152588.0,19531264.0,80000057344.0,204800.0,2.781513,0.0
dense_50M_xm01_lr0.002_gbsz16_beta20.99_12B,47557632,50000000.0,12000000000.0,3.424149504e+18,0.002,16,0.99,1234,183106.0,2929696.0,12000034816.0,204800.0,2.894179,0.0
dense_50M_xm01_lr0.002_gbsz16_beta20.99_20B,47557632,50000000.0,20000000000.0,5.70691584e+18,0.002,16,0.99,1234,305176.0,4882816.0,20000014336.0,204800.0,2.866999,0.0
dense_50M_xm01_lr0.002_gbsz16_beta20.99_30B,47557632,50000000.0,30000000000.0,8.56037376e+18,0.002,16,0.99,1234,457764.0,7324224.0,30000021504.0,204800.0,2.851003,0.0
dense_50M_xm01_lr0.002_gbsz16_beta20.99_6B,47557632,50000000.0,6000000000.0,1.712074752e+18,0.002,16,0.99,1234,91553.0,1464848.0,6000017408.0,204800.0,2.942598,0.0018205484887802062
dense_50M_xm01_lr0.002_gbsz256_beta20.99_120B,47557632,50000000.0,120000000000.0,3.424149504e+19,0.002,256,0.99,1234,114441.0,29296896.0,120000086016.0,204800.0,2.772023,0.0
dense_50M_xm01_lr0.002_gbsz256_beta20.99_12B,47557632,50000000.0,12000000000.0,3.424149504e+18,0.002,256,0.99,1234,11445.0,2929920.0,12000952320.0,204800.0,2.90367,0.0
dense_50M_xm01_lr0.002_gbsz256_beta20.99_200B,47557632,50000000.0,200000000000.0,5.70691584e+19,0.002,256,0.99,1234,190735.0,48828160.0,200000143360.0,204800.0,2.756726,0.0
dense_50M_xm01_lr0.002_gbsz256_beta20.99_20B,47557632,50000000.0,20000000000.0,5.70691584e+18,0.002,256,0.99,1234,19074.0,4882944.0,20000538624.0,204800.0,2.862385,0.0
dense_50M_xm01_lr0.002_gbsz256_beta20.99_300B,47557632,50000000.0,300000000000.0,8.56037376e+19,0.002,256,0.99,1234,286103.0,73242368.0,300000739328.0,204800.0,2.746714,0.0
dense_50M_xm01_lr0.002_gbsz256_beta20.99_30B,47557632,50000000.0,30000000000.0,8.56037376e+18,0.002,256,0.99,1234,28611.0,7324416.0,30000807936.0,204800.0,2.834997,0.0
dense_50M_xm01_lr0.002_gbsz256_beta20.99_50B,47557632,50000000.0,50000000000.0,1.42672896e+19,0.002,256,0.99,1234,47684.0,12207104.0,50000297984.0,204800.0,2.807236,0.0
dense_50M_xm01_lr0.002_gbsz256_beta20.99_80B,47557632,50000000.0,80000000000.0,2.282766336e+19,0.002,256,0.99,1234,76294.0,19531264.0,80000057344.0,204800.0,2.786756,0.0
dense_50M_xm01_lr0.002_gbsz32_beta20.99_12B,47557632,50000000.0,12000000000.0,3.424149504e+18,0.002,32,0.99,1234,91553.0,2929696.0,12000034816.0,204800.0,2.876827,0.0
dense_50M_xm01_lr0.002_gbsz32_beta20.99_20B,47557632,50000000.0,20000000000.0,5.70691584e+18,0.002,32,0.99,1234,152588.0,4882816.0,20000014336.0,204800.0,2.847928,0.0
dense_50M_xm01_lr0.002_gbsz32_beta20.99_30B,47557632,50000000.0,30000000000.0,8.56037376e+18,0.002,32,0.99,1234,228882.0,7324224.0,30000021504.0,204800.0,2.829445,0.0
dense_50M_xm01_lr0.002_gbsz32_beta20.99_50B,47557632,50000000.0,50000000000.0,1.42672896e+19,0.002,32,0.99,1234,381470.0,12207040.0,50000035840.0,204800.0,2.810602,0.0
dense_50M_xm01_lr0.002_gbsz32_beta20.99_6B,47557632,50000000.0,6000000000.0,1.712074752e+18,0.002,32,0.99,1234,45777.0,1464864.0,6000082944.0,204800.0,2.9271794,0.0022124853355446434
dense_50M_xm01_lr0.002_gbsz512_beta20.99_120B,47557632,50000000.0,120000000000.0,3.424149504e+19,0.002,512,0.99,1234,57221.0,29297152.0,120001134592.0,204800.0,2.784349,0.0
dense_50M_xm01_lr0.002_gbsz512_beta20.99_200B,47557632,50000000.0,200000000000.0,5.70691584e+19,0.002,512,0.99,1234,95368.0,48828416.0,200001191936.0,204800.0,2.766176,0.0
dense_50M_xm01_lr0.002_gbsz512_beta20.99_20B,47557632,50000000.0,20000000000.0,5.70691584e+18,0.002,512,0.99,1234,9537.0,4882944.0,20000538624.0,204800.0,2.894538,0.0
dense_50M_xm01_lr0.002_gbsz512_beta20.99_300B,47557632,50000000.0,300000000000.0,8.56037376e+19,0.002,512,0.99,1234,143052.0,73242624.0,300001787904.0,204800.0,2.754328,0.0
dense_50M_xm01_lr0.002_gbsz512_beta20.99_30B,47557632,50000000.0,30000000000.0,8.56037376e+18,0.002,512,0.99,1234,14306.0,7324672.0,30001856512.0,204800.0,2.860183,0.0
dense_50M_xm01_lr0.002_gbsz512_beta20.99_50B,47557632,50000000.0,50000000000.0,1.42672896e+19,0.002,512,0.99,1234,23842.0,12207104.0,50000297984.0,204800.0,2.826931,0.0
dense_50M_xm01_lr0.002_gbsz512_beta20.99_80B,47557632,50000000.0,80000000000.0,2.282766336e+19,0.002,512,0.99,1234,38147.0,19531264.0,80000057344.0,204800.0,2.801978,0.0
dense_50M_xm01_lr0.002_gbsz64_beta20.99_120B,47557632,50000000.0,120000000000.0,3.424149504e+19,0.002,64,0.99,1234,457764.0,29296896.0,120000086016.0,204800.0,2.771545,0.0
dense_50M_xm01_lr0.002_gbsz64_beta20.99_12B,47557632,50000000.0,12000000000.0,3.424149504e+18,0.002,64,0.99,1234,45777.0,2929728.0,12000165888.0,204800.0,2.874713,0.0
dense_50M_xm01_lr0.002_gbsz64_beta20.99_200B,47557632,50000000.0,200000000000.0,5.70691584e+19,0.002,64,0.99,1234,762940.0,48828160.0,200000143360.0,204800.0,2.760761,0.0
dense_50M_xm01_lr0.002_gbsz64_beta20.99_20B,47557632,50000000.0,20000000000.0,5.70691584e+18,0.002,64,0.99,1234,76294.0,4882816.0,20000014336.0,204800.0,2.841727,0.0
dense_50M_xm01_lr0.002_gbsz64_beta20.99_300B,47557632,50000000.0,300000000000.0,8.56037376e+19,0.002,64,0.99,1234,1144410.0,73242240.0,300000215040.0,204800.0,2.753782,0.0
dense_50M_xm01_lr0.002_gbsz64_beta20.99_30B,47557632,50000000.0,30000000000.0,8.56037376e+18,0.002,64,0.99,1234,114441.0,7324224.0,30000021504.0,204800.0,2.819773,0.0
dense_50M_xm01_lr0.002_gbsz64_beta20.99_50B,47557632,50000000.0,50000000000.0,1.42672896e+19,0.002,64,0.99,1234,190735.0,12207040.0,50000035840.0,204800.0,2.7977425,5.8500000000183405e-05
dense_50M_xm01_lr0.002_gbsz64_beta20.99_6B,47557632,50000000.0,6000000000.0,1.712074752e+18,0.002,64,0.99,1234,22889.0,1464896.0,6000214016.0,204800.0,2.9278952,0.001869869150502279
dense_50M_xm01_lr0.002_gbsz64_beta20.99_80B,47557632,50000000.0,80000000000.0,2.282766336e+19,0.002,64,0.99,1234,305176.0,19531264.0,80000057344.0,204800.0,2.782184,0.0
dense_50M_xm01_lr0.004_gbsz1024_beta20.99_120B,47557632,50000000.0,120000000000.0,3.424149504e+19,0.004,1024,0.99,1234,28611.0,29297664.0,120003231744.0,204800.0,2.787165,0.0
dense_50M_xm01_lr0.004_gbsz1024_beta20.99_200B,47557632,50000000.0,200000000000.0,5.70691584e+19,0.004,1024,0.99,1234,47684.0,48828416.0,200001191936.0,204800.0,2.767171,0.0
dense_50M_xm01_lr0.004_gbsz1024_beta20.99_300B,47557632,50000000.0,300000000000.0,8.56037376e+19,0.004,1024,0.99,1234,71526.0,73242624.0,300001787904.0,204800.0,2.754901,0.0
dense_50M_xm01_lr0.004_gbsz1024_beta20.99_30B,47557632,50000000.0,30000000000.0,8.56037376e+18,0.004,1024,0.99,1234,7153.0,7324672.0,30001856512.0,204800.0,2.886704,0.0
dense_50M_xm01_lr0.004_gbsz1024_beta20.99_50B,47557632,50000000.0,50000000000.0,1.42672896e+19,0.004,1024,0.99,1234,11921.0,12207104.0,50000297984.0,204800.0,2.837077,0.0
dense_50M_xm01_lr0.004_gbsz1024_beta20.99_80B,47557632,50000000.0,80000000000.0,2.282766336e+19,0.004,1024,0.99,1234,19074.0,19531776.0,80002154496.0,204800.0,2.807573,0.0
dense_50M_xm01_lr0.004_gbsz128_beta20.99_120B,47557632,50000000.0,120000000000.0,3.424149504e+19,0.004,128,0.99,1234,228882.0,29296896.0,120000086016.0,204800.0,2.772991,0.0
dense_50M_xm01_lr0.004_gbsz128_beta20.99_12B,47557632,50000000.0,12000000000.0,3.424149504e+18,0.004,128,0.99,1234,22889.0,2929792.0,12000428032.0,204800.0,2.87557,0.0
dense_50M_xm01_lr0.004_gbsz128_beta20.99_200B,47557632,50000000.0,200000000000.0,5.70691584e+19,0.004,128,0.99,1234,381470.0,48828160.0,200000143360.0,204800.0,2.762094,0.0
dense_50M_xm01_lr0.004_gbsz128_beta20.99_20B,47557632,50000000.0,20000000000.0,5.70691584e+18,0.004,128,0.99,1234,38147.0,4882816.0,20000014336.0,204800.0,2.842546,0.0
dense_50M_xm01_lr0.004_gbsz128_beta20.99_300B,47557632,50000000.0,300000000000.0,8.56037376e+19,0.004,128,0.99,1234,572205.0,73242240.0,300000215040.0,204800.0,2.754572,0.0
dense_50M_xm01_lr0.004_gbsz128_beta20.99_30B,47557632,50000000.0,30000000000.0,8.56037376e+18,0.004,128,0.99,1234,57221.0,7324288.0,30000283648.0,204800.0,2.821237,0.0
dense_50M_xm01_lr0.004_gbsz128_beta20.99_50B,47557632,50000000.0,50000000000.0,1.42672896e+19,0.004,128,0.99,1234,95368.0,12207104.0,50000297984.0,204800.0,2.79748,0.0022360000000001268
dense_50M_xm01_lr0.004_gbsz128_beta20.99_6B,47557632,50000000.0,6000000000.0,1.712074752e+18,0.004,128,0.99,1234,11445.0,1464960.0,6000476160.0,204800.0,2.9326385,0.0022342950230442183
dense_50M_xm01_lr0.004_gbsz128_beta20.99_80B,47557632,50000000.0,80000000000.0,2.282766336e+19,0.004,128,0.99,1234,152588.0,19531264.0,80000057344.0,204800.0,2.783679,0.0
dense_50M_xm01_lr0.004_gbsz16_beta20.99_12B,47557632,50000000.0,12000000000.0,3.424149504e+18,0.004,16,0.99,1234,183106.0,2929696.0,12000034816.0,204800.0,2.931942,0.0
dense_50M_xm01_lr0.004_gbsz16_beta20.99_20B,47557632,50000000.0,20000000000.0,5.70691584e+18,0.004,16,0.99,1234,305176.0,4882816.0,20000014336.0,204800.0,2.908139,0.0
dense_50M_xm01_lr0.004_gbsz16_beta20.99_30B,47557632,50000000.0,30000000000.0,8.56037376e+18,0.004,16,0.99,1234,457764.0,7324224.0,30000021504.0,204800.0,2.894433,0.0
dense_50M_xm01_lr0.004_gbsz16_beta20.99_6B,47557632,50000000.0,6000000000.0,1.712074752e+18,0.004,16,0.99,1234,91553.0,1464848.0,6000017408.0,204800.0,2.97837175,0.0024173227399680924
dense_50M_xm01_lr0.004_gbsz256_beta20.99_120B,47557632,50000000.0,120000000000.0,3.424149504e+19,0.004,256,0.99,1234,114441.0,29296896.0,120000086016.0,204800.0,2.767661,0.0
dense_50M_xm01_lr0.004_gbsz256_beta20.99_12B,47557632,50000000.0,12000000000.0,3.424149504e+18,0.004,256,0.99,1234,11445.0,2929920.0,12000952320.0,204800.0,2.891727,0.0
dense_50M_xm01_lr0.004_gbsz256_beta20.99_200B,47557632,50000000.0,200000000000.0,5.70691584e+19,0.004,256,0.99,1234,190735.0,48828160.0,200000143360.0,204800.0,2.75527,0.0
dense_50M_xm01_lr0.004_gbsz256_beta20.99_20B,47557632,50000000.0,20000000000.0,5.70691584e+18,0.004,256,0.99,1234,19074.0,4882944.0,20000538624.0,204800.0,2.851243,0.0
dense_50M_xm01_lr0.004_gbsz256_beta20.99_300B,47557632,50000000.0,300000000000.0,8.56037376e+19,0.004,256,0.99,1234,286103.0,73242368.0,300000739328.0,204800.0,2.746646,0.0
dense_50M_xm01_lr0.004_gbsz256_beta20.99_30B,47557632,50000000.0,30000000000.0,8.56037376e+18,0.004,256,0.99,1234,28611.0,7324416.0,30000807936.0,204800.0,2.825555,0.0
dense_50M_xm01_lr0.004_gbsz256_beta20.99_50B,47557632,50000000.0,50000000000.0,1.42672896e+19,0.004,256,0.99,1234,47684.0,12207104.0,50000297984.0,204800.0,2.7973796666666666,0.0010465881605377667
dense_50M_xm01_lr0.004_gbsz256_beta20.99_80B,47557632,50000000.0,80000000000.0,2.282766336e+19,0.004,256,0.99,1234,76294.0,19531264.0,80000057344.0,204800.0,2.780525,0.0
dense_50M_xm01_lr0.004_gbsz32_beta20.99_12B,47557632,50000000.0,12000000000.0,3.424149504e+18,0.004,32,0.99,1234,91553.0,2929696.0,12000034816.0,204800.0,2.893883,0.0
dense_50M_xm01_lr0.004_gbsz32_beta20.99_20B,47557632,50000000.0,20000000000.0,5.70691584e+18,0.004,32,0.99,1234,152588.0,4882816.0,20000014336.0,204800.0,2.865666,0.0
dense_50M_xm01_lr0.004_gbsz32_beta20.99_30B,47557632,50000000.0,30000000000.0,8.56037376e+18,0.004,32,0.99,1234,228882.0,7324224.0,30000021504.0,204800.0,2.84807,0.0
dense_50M_xm01_lr0.004_gbsz32_beta20.99_50B,47557632,50000000.0,50000000000.0,1.42672896e+19,0.004,32,0.99,1234,381470.0,12207040.0,50000035840.0,204800.0,2.829414,0.0
dense_50M_xm01_lr0.004_gbsz32_beta20.99_6B,47557632,50000000.0,6000000000.0,1.712074752e+18,0.004,32,0.99,1234,45777.0,1464864.0,6000082944.0,204800.0,2.9442310000000003,0.0023245241448519673
dense_50M_xm01_lr0.004_gbsz512_beta20.99_120B,47557632,50000000.0,120000000000.0,3.424149504e+19,0.004,512,0.99,1234,57221.0,29297152.0,120001134592.0,204800.0,2.772208,0.0
dense_50M_xm01_lr0.004_gbsz512_beta20.99_200B,47557632,50000000.0,200000000000.0,5.70691584e+19,0.004,512,0.99,1234,95368.0,48828416.0,200001191936.0,204800.0,2.756524,0.0
dense_50M_xm01_lr0.004_gbsz512_beta20.99_20B,47557632,50000000.0,20000000000.0,5.70691584e+18,0.004,512,0.99,1234,9537.0,4882944.0,20000538624.0,204800.0,2.876215,0.0
dense_50M_xm01_lr0.004_gbsz512_beta20.99_300B,47557632,50000000.0,300000000000.0,8.56037376e+19,0.004,512,0.99,1234,143052.0,73242624.0,300001787904.0,204800.0,2.747044,0.0
dense_50M_xm01_lr0.004_gbsz512_beta20.99_30B,47557632,50000000.0,30000000000.0,8.56037376e+18,0.004,512,0.99,1234,14306.0,7324672.0,30001856512.0,204800.0,2.843349,0.0
dense_50M_xm01_lr0.004_gbsz512_beta20.99_50B,47557632,50000000.0,50000000000.0,1.42672896e+19,0.004,512,0.99,1234,23842.0,12207104.0,50000297984.0,204800.0,2.810457,0.0
dense_50M_xm01_lr0.004_gbsz512_beta20.99_80B,47557632,50000000.0,80000000000.0,2.282766336e+19,0.004,512,0.99,1234,38147.0,19531264.0,80000057344.0,204800.0,2.787641,0.0
dense_50M_xm01_lr0.004_gbsz64_beta20.99_120B,47557632,50000000.0,120000000000.0,3.424149504e+19,0.004,64,0.99,1234,457764.0,29296896.0,120000086016.0,204800.0,2.784799,0.0
dense_50M_xm01_lr0.004_gbsz64_beta20.99_12B,47557632,50000000.0,12000000000.0,3.424149504e+18,0.004,64,0.99,1234,45777.0,2929728.0,12000165888.0,204800.0,2.876352,0.0
dense_50M_xm01_lr0.004_gbsz64_beta20.99_200B,47557632,50000000.0,200000000000.0,5.70691584e+19,0.004,64,0.99,1234,762940.0,48828160.0,200000143360.0,204800.0,2.775182,0.0
dense_50M_xm01_lr0.004_gbsz64_beta20.99_20B,47557632,50000000.0,20000000000.0,5.70691584e+18,0.004,64,0.99,1234,76294.0,4882816.0,20000014336.0,204800.0,2.846646,0.0
dense_50M_xm01_lr0.004_gbsz64_beta20.99_30B,47557632,50000000.0,30000000000.0,8.56037376e+18,0.004,64,0.99,1234,114441.0,7324224.0,30000021504.0,204800.0,2.827347,0.0
dense_50M_xm01_lr0.004_gbsz64_beta20.99_50B,47557632,50000000.0,50000000000.0,1.42672896e+19,0.004,64,0.99,1234,190735.0,12207040.0,50000035840.0,204800.0,2.808552,0.0
dense_50M_xm01_lr0.004_gbsz64_beta20.99_6B,47557632,50000000.0,6000000000.0,1.712074752e+18,0.004,64,0.99,1234,22889.0,1464896.0,6000214016.0,204800.0,2.9297804999999997,0.0026611942337980833
dense_50M_xm01_lr0.004_gbsz64_beta20.99_80B,47557632,50000000.0,80000000000.0,2.282766336e+19,0.004,64,0.99,1234,305176.0,19531264.0,80000057344.0,204800.0,2.794634,0.0
dense_600M_xm01_lr0.00025_gbsz128_beta20.95_12B,588544000,600000000.0,12000000000.0,4.2375168e+19,0.00025,128,0.95,1234,22889.0,2929792.0,12000428032.0,204800.0,2.424259,0.0
dense_600M_xm01_lr0.00025_gbsz128_beta20.95_20B,588544000,600000000.0,20000000000.0,7.062528e+19,0.00025,128,0.95,1234,38147.0,4882816.0,20000014336.0,204800.0,2.361784,0.0
dense_600M_xm01_lr0.00025_gbsz128_beta20.95_30B,588544000,600000000.0,30000000000.0,1.0593792e+20,0.00025,128,0.95,1234,57221.0,7324288.0,30000283648.0,204800.0,2.32135,0.0
dense_600M_xm01_lr0.00025_gbsz128_beta20.95_6B,588544000,600000000.0,6000000000.0,2.1187584e+19,0.00025,128,0.95,1234,11445.0,1464960.0,6000476160.0,204800.0,2.538852,0.0
dense_600M_xm01_lr0.00025_gbsz32_beta20.95_12B,588544000,600000000.0,12000000000.0,4.2375168e+19,0.00025,32,0.95,1234,91553.0,2929696.0,12000034816.0,204800.0,2.411563,0.0
dense_600M_xm01_lr0.00025_gbsz32_beta20.95_6B,588544000,600000000.0,6000000000.0,2.1187584e+19,0.00025,32,0.95,1234,45777.0,1464864.0,6000082944.0,204800.0,2.494326,0.0
dense_600M_xm01_lr0.00025_gbsz64_beta20.95_12B,588544000,600000000.0,12000000000.0,4.2375168e+19,0.00025,64,0.95,1234,45777.0,2929728.0,12000165888.0,204800.0,2.408053,0.0
dense_600M_xm01_lr0.00025_gbsz64_beta20.95_30B,588544000,600000000.0,30000000000.0,1.0593792e+20,0.00025,64,0.95,1234,114441.0,7324224.0,30000021504.0,204800.0,2.317538,0.0
dense_600M_xm01_lr0.00025_gbsz64_beta20.95_6B,588544000,600000000.0,6000000000.0,2.1187584e+19,0.00025,64,0.95,1234,22889.0,1464896.0,6000214016.0,204800.0,2.502168,0.0
dense_600M_xm01_lr0.0005_gbsz1024_beta20.95_120B,588544000,600000000.0,120000000000.0,4.2375168e+20,0.0005,1024,0.95,1234,28611.0,29297664.0,120003231744.0,204800.0,2.241565,0.0
dense_600M_xm01_lr0.0005_gbsz1024_beta20.95_200B,588544000,600000000.0,200000000000.0,7.062528e+20,0.0005,1024,0.95,1234,47684.0,48828416.0,200001191936.0,204800.0,2.209264,0.0
dense_600M_xm01_lr0.0005_gbsz1024_beta20.95_300B,588544000,600000000.0,300000000000.0,1.0593792e+21,0.0005,1024,0.95,1234,71526.0,73242624.0,300001787904.0,204800.0,2.183722,0.0
dense_600M_xm01_lr0.0005_gbsz1024_beta20.95_30B,588544000,600000000.0,30000000000.0,1.0593792e+20,0.0005,1024,0.95,1234,7153.0,7324672.0,30001856512.0,204800.0,2.391623,0.0
dense_600M_xm01_lr0.0005_gbsz1024_beta20.95_50B,588544000,600000000.0,50000000000.0,1.765632e+20,0.0005,1024,0.95,1234,11921.0,12207104.0,50000297984.0,204800.0,2.321722,0.0
dense_600M_xm01_lr0.0005_gbsz1024_beta20.95_80B,588544000,600000000.0,80000000000.0,2.8250112e+20,0.0005,1024,0.95,1234,19074.0,19531776.0,80002154496.0,204800.0,2.27448,0.0
dense_600M_xm01_lr0.0005_gbsz128_beta20.95_120B,588544000,600000000.0,120000000000.0,4.2375168e+20,0.0005,128,0.95,1234,228882.0,29296896.0,120000086016.0,204800.0,2.20968,0.0
dense_600M_xm01_lr0.0005_gbsz128_beta20.95_12B,588544000,600000000.0,12000000000.0,4.2375168e+19,0.0005,128,0.95,1234,22889.0,2929792.0,12000428032.0,204800.0,2.402045,0.0
dense_600M_xm01_lr0.0005_gbsz128_beta20.95_200B,588544000,600000000.0,200000000000.0,7.062528e+20,0.0005,128,0.95,1234,381470.0,48828160.0,200000143360.0,204800.0,2.181366,0.0
dense_600M_xm01_lr0.0005_gbsz128_beta20.95_20B,588544000,600000000.0,20000000000.0,7.062528e+19,0.0005,128,0.95,1234,38147.0,4882816.0,20000014336.0,204800.0,2.347628,0.0
dense_600M_xm01_lr0.0005_gbsz128_beta20.95_300B,588544000,600000000.0,300000000000.0,1.0593792e+21,0.0005,128,0.95,1234,572205.0,73242240.0,300000215040.0,204800.0,2.163103,0.0
dense_600M_xm01_lr0.0005_gbsz128_beta20.95_30B,588544000,600000000.0,30000000000.0,1.0593792e+20,0.0005,128,0.95,1234,57221.0,7324288.0,30000283648.0,204800.0,2.311182,0.0
dense_600M_xm01_lr0.0005_gbsz128_beta20.95_50B,588544000,600000000.0,50000000000.0,1.765632e+20,0.0005,128,0.95,1234,95368.0,12207104.0,50000297984.0,204800.0,2.270077,0.0
dense_600M_xm01_lr0.0005_gbsz128_beta20.95_6B,588544000,600000000.0,6000000000.0,2.1187584e+19,0.0005,128,0.95,1234,11445.0,1464960.0,6000476160.0,204800.0,2.498624,0.0
dense_600M_xm01_lr0.0005_gbsz128_beta20.95_80B,588544000,600000000.0,80000000000.0,2.8250112e+20,0.0005,128,0.95,1234,152588.0,19531264.0,80000057344.0,204800.0,2.236049,0.0
dense_600M_xm01_lr0.0005_gbsz256_beta20.95_120B,588544000,600000000.0,120000000000.0,4.2375168e+20,0.0005,256,0.95,1234,114441.0,29296896.0,120000086016.0,204800.0,2.214761,0.0
dense_600M_xm01_lr0.0005_gbsz256_beta20.95_12B,588544000,600000000.0,12000000000.0,4.2375168e+19,0.0005,256,0.95,1234,11445.0,2929920.0,12000952320.0,204800.0,2.423935,0.0
dense_600M_xm01_lr0.0005_gbsz256_beta20.95_200B,588544000,600000000.0,200000000000.0,7.062528e+20,0.0005,256,0.95,1234,190735.0,48828160.0,200000143360.0,204800.0,2.183848,0.0
dense_600M_xm01_lr0.0005_gbsz256_beta20.95_20B,588544000,600000000.0,20000000000.0,7.062528e+19,0.0005,256,0.95,1234,19074.0,4882944.0,20000538624.0,204800.0,2.36453,0.0
dense_600M_xm01_lr0.0005_gbsz256_beta20.95_300B,588544000,600000000.0,300000000000.0,1.0593792e+21,0.0005,256,0.95,1234,286103.0,73242368.0,300000739328.0,204800.0,2.163213,0.0
dense_600M_xm01_lr0.0005_gbsz256_beta20.95_30B,588544000,600000000.0,30000000000.0,1.0593792e+20,0.0005,256,0.95,1234,28611.0,7324416.0,30000807936.0,204800.0,2.321435,0.0
dense_600M_xm01_lr0.0005_gbsz256_beta20.95_50B,588544000,600000000.0,50000000000.0,1.765632e+20,0.0005,256,0.95,1234,47684.0,12207104.0,50000297984.0,204800.0,2.277479,0.0
dense_600M_xm01_lr0.0005_gbsz256_beta20.95_80B,588544000,600000000.0,80000000000.0,2.8250112e+20,0.0005,256,0.95,1234,76294.0,19531264.0,80000057344.0,204800.0,2.242481,0.0
dense_600M_xm01_lr0.0005_gbsz32_beta20.95_12B,588544000,600000000.0,12000000000.0,4.2375168e+19,0.0005,32,0.95,1234,91553.0,2929696.0,12000034816.0,204800.0,2.411371,0.0
dense_600M_xm01_lr0.0005_gbsz32_beta20.95_6B,588544000,600000000.0,6000000000.0,2.1187584e+19,0.0005,32,0.95,1234,45777.0,1464864.0,6000082944.0,204800.0,2.485527,0.0
dense_600M_xm01_lr0.0005_gbsz512_beta20.95_120B,588544000,600000000.0,120000000000.0,4.2375168e+20,0.0005,512,0.95,1234,57221.0,29297152.0,120001134592.0,204800.0,2.224456,0.0
dense_600M_xm01_lr0.0005_gbsz512_beta20.95_200B,588544000,600000000.0,200000000000.0,7.062528e+20,0.0005,512,0.95,1234,95368.0,48828416.0,200001191936.0,204800.0,2.191751,0.0
dense_600M_xm01_lr0.0005_gbsz512_beta20.95_20B,588544000,600000000.0,20000000000.0,7.062528e+19,0.0005,512,0.95,1234,9537.0,4882944.0,20000538624.0,204800.0,2.392392,0.0
dense_600M_xm01_lr0.0005_gbsz512_beta20.95_300B,588544000,600000000.0,300000000000.0,1.0593792e+21,0.0005,512,0.95,1234,143052.0,73242624.0,300001787904.0,204800.0,2.169154,0.0
dense_600M_xm01_lr0.0005_gbsz512_beta20.95_30B,588544000,600000000.0,30000000000.0,1.0593792e+20,0.0005,512,0.95,1234,14306.0,7324672.0,30001856512.0,204800.0,2.341126,0.0
dense_600M_xm01_lr0.0005_gbsz512_beta20.95_50B,588544000,600000000.0,50000000000.0,1.765632e+20,0.0005,512,0.95,1234,23842.0,12207104.0,50000297984.0,204800.0,2.293751,0.0
dense_600M_xm01_lr0.0005_gbsz512_beta20.95_80B,588544000,600000000.0,80000000000.0,2.8250112e+20,0.0005,512,0.95,1234,38147.0,19531264.0,80000057344.0,204800.0,2.253913,0.0
dense_600M_xm01_lr0.0005_gbsz64_beta20.95_120B,588544000,600000000.0,120000000000.0,4.2375168e+20,0.0005,64,0.95,1234,457764.0,29296896.0,120000086016.0,204800.0,2.22075,0.0
dense_600M_xm01_lr0.0005_gbsz64_beta20.95_12B,588544000,600000000.0,12000000000.0,4.2375168e+19,0.0005,64,0.95,1234,45777.0,2929728.0,12000165888.0,204800.0,2.400114,0.0
dense_600M_xm01_lr0.0005_gbsz64_beta20.95_200B,588544000,600000000.0,200000000000.0,7.062528e+20,0.0005,64,0.95,1234,762940.0,48828160.0,200000143360.0,204800.0,2.195498,0.0
dense_600M_xm01_lr0.0005_gbsz64_beta20.95_20B,588544000,600000000.0,20000000000.0,7.062528e+19,0.0005,64,0.95,1234,76294.0,4882816.0,20000014336.0,204800.0,2.3507,0.0
dense_600M_xm01_lr0.0005_gbsz64_beta20.95_30B,588544000,600000000.0,30000000000.0,1.0593792e+20,0.0005,64,0.95,1234,114441.0,7324224.0,30000021504.0,204800.0,2.31629,0.0
dense_600M_xm01_lr0.0005_gbsz64_beta20.95_50B,588544000,600000000.0,50000000000.0,1.765632e+20,0.0005,64,0.95,1234,190735.0,12207040.0,50000035840.0,204800.0,2.276705,0.0
dense_600M_xm01_lr0.0005_gbsz64_beta20.95_6B,588544000,600000000.0,6000000000.0,2.1187584e+19,0.0005,64,0.95,1234,22889.0,1464896.0,6000214016.0,204800.0,2.484436,0.0
dense_600M_xm01_lr0.0005_gbsz64_beta20.95_80B,588544000,600000000.0,80000000000.0,2.8250112e+20,0.0005,64,0.95,1234,305176.0,19531264.0,80000057344.0,204800.0,2.244657,0.0
dense_600M_xm01_lr0.001_gbsz1024_beta20.95_120B,588544000,600000000.0,120000000000.0,4.2375168e+20,0.001,1024,0.95,1234,28611.0,29297664.0,120003231744.0,204800.0,2.234549,0.0
dense_600M_xm01_lr0.001_gbsz1024_beta20.95_200B,588544000,600000000.0,200000000000.0,7.062528e+20,0.001,1024,0.95,1234,47684.0,48828416.0,200001191936.0,204800.0,2.198296,0.0
dense_600M_xm01_lr0.001_gbsz1024_beta20.95_300B,588544000,600000000.0,300000000000.0,1.0593792e+21,0.001,1024,0.95,1234,71526.0,73242624.0,300001787904.0,204800.0,2.17389,0.0
dense_600M_xm01_lr0.001_gbsz1024_beta20.95_30B,588544000,600000000.0,30000000000.0,1.0593792e+20,0.001,1024,0.95,1234,7153.0,7324672.0,30001856512.0,204800.0,2.365206,0.0
dense_600M_xm01_lr0.001_gbsz1024_beta20.95_50B,588544000,600000000.0,50000000000.0,1.765632e+20,0.001,1024,0.95,1234,11921.0,12207104.0,50000297984.0,204800.0,2.315051,0.0
dense_600M_xm01_lr0.001_gbsz1024_beta20.95_80B,588544000,600000000.0,80000000000.0,2.8250112e+20,0.001,1024,0.95,1234,19074.0,19531776.0,80002154496.0,204800.0,2.267435,0.0
dense_600M_xm01_lr0.001_gbsz128_beta20.95_120B,588544000,600000000.0,120000000000.0,4.2375168e+20,0.001,128,0.95,1234,228882.0,29296896.0,120000086016.0,204800.0,2.210464,0.0
dense_600M_xm01_lr0.001_gbsz128_beta20.95_12B,588544000,600000000.0,12000000000.0,4.2375168e+19,0.001,128,0.95,1234,22889.0,2929792.0,12000428032.0,204800.0,2.39963,0.0
dense_600M_xm01_lr0.001_gbsz128_beta20.95_200B,588544000,600000000.0,200000000000.0,7.062528e+20,0.001,128,0.95,1234,381470.0,48828160.0,200000143360.0,204800.0,2.184413,0.0
dense_600M_xm01_lr0.001_gbsz128_beta20.95_20B,588544000,600000000.0,20000000000.0,7.062528e+19,0.001,128,0.95,1234,38147.0,4882816.0,20000014336.0,204800.0,2.347669,0.0
dense_600M_xm01_lr0.001_gbsz128_beta20.95_300B,588544000,600000000.0,300000000000.0,1.0593792e+21,0.001,128,0.95,1234,572205.0,73242240.0,300000215040.0,204800.0,2.167572,0.0
dense_600M_xm01_lr0.001_gbsz128_beta20.95_30B,588544000,600000000.0,30000000000.0,1.0593792e+20,0.001,128,0.95,1234,57221.0,7324288.0,30000283648.0,204800.0,2.311228,0.0
dense_600M_xm01_lr0.001_gbsz128_beta20.95_50B,588544000,600000000.0,50000000000.0,1.765632e+20,0.001,128,0.95,1234,95368.0,12207104.0,50000297984.0,204800.0,2.26962,0.0
dense_600M_xm01_lr0.001_gbsz128_beta20.95_6B,588544000,600000000.0,6000000000.0,2.1187584e+19,0.001,128,0.95,1234,11445.0,1464960.0,6000476160.0,204800.0,2.489655,0.0
dense_600M_xm01_lr0.001_gbsz128_beta20.95_80B,588544000,600000000.0,80000000000.0,2.8250112e+20,0.001,128,0.95,1234,152588.0,19531264.0,80000057344.0,204800.0,2.235717,0.0
dense_600M_xm01_lr0.001_gbsz256_beta20.95_120B,588544000,600000000.0,120000000000.0,4.2375168e+20,0.001,256,0.95,1234,114441.0,29296896.0,120000086016.0,204800.0,2.209467,0.0
dense_600M_xm01_lr0.001_gbsz256_beta20.95_12B,588544000,600000000.0,12000000000.0,4.2375168e+19,0.001,256,0.95,1234,11445.0,2929920.0,12000952320.0,204800.0,2.410619,0.0
dense_600M_xm01_lr0.001_gbsz256_beta20.95_200B,588544000,600000000.0,200000000000.0,7.062528e+20,0.001,256,0.95,1234,190735.0,48828160.0,200000143360.0,204800.0,2.179801,0.0
dense_600M_xm01_lr0.001_gbsz256_beta20.95_20B,588544000,600000000.0,20000000000.0,7.062528e+19,0.001,256,0.95,1234,19074.0,4882944.0,20000538624.0,204800.0,2.354501,0.0
dense_600M_xm01_lr0.001_gbsz256_beta20.95_300B,588544000,600000000.0,300000000000.0,1.0593792e+21,0.001,256,0.95,1234,286103.0,73242368.0,300000739328.0,204800.0,2.159825,0.0
dense_600M_xm01_lr0.001_gbsz256_beta20.95_30B,588544000,600000000.0,30000000000.0,1.0593792e+20,0.001,256,0.95,1234,28611.0,7324416.0,30000807936.0,204800.0,2.315026,0.0
dense_600M_xm01_lr0.001_gbsz256_beta20.95_50B,588544000,600000000.0,50000000000.0,1.765632e+20,0.001,256,0.95,1234,47684.0,12207104.0,50000297984.0,204800.0,2.272407,0.0
dense_600M_xm01_lr0.001_gbsz256_beta20.95_80B,588544000,600000000.0,80000000000.0,2.8250112e+20,0.001,256,0.95,1234,76294.0,19531264.0,80000057344.0,204800.0,2.237017,0.0
dense_600M_xm01_lr0.001_gbsz32_beta20.95_12B,588544000,600000000.0,12000000000.0,4.2375168e+19,0.001,32,0.95,1234,91553.0,2929696.0,12000034816.0,204800.0,2.418442,0.0
dense_600M_xm01_lr0.001_gbsz32_beta20.95_6B,588544000,600000000.0,6000000000.0,2.1187584e+19,0.001,32,0.95,1234,45777.0,1464864.0,6000082944.0,204800.0,2.489535,0.0
dense_600M_xm01_lr0.001_gbsz512_beta20.95_120B,588544000,600000000.0,120000000000.0,4.2375168e+20,0.001,512,0.95,1234,57221.0,29297152.0,120001134592.0,204800.0,2.219009,0.0
dense_600M_xm01_lr0.001_gbsz512_beta20.95_200B,588544000,600000000.0,200000000000.0,7.062528e+20,0.001,512,0.95,1234,95368.0,48828416.0,200001191936.0,204800.0,2.185289,0.0
dense_600M_xm01_lr0.001_gbsz512_beta20.95_20B,588544000,600000000.0,20000000000.0,7.062528e+19,0.001,512,0.95,1234,9537.0,4882944.0,20000538624.0,204800.0,2.38154,0.0
dense_600M_xm01_lr0.001_gbsz512_beta20.95_300B,588544000,600000000.0,300000000000.0,1.0593792e+21,0.001,512,0.95,1234,143052.0,73242624.0,300001787904.0,204800.0,2.162771,0.0
dense_600M_xm01_lr0.001_gbsz512_beta20.95_30B,588544000,600000000.0,30000000000.0,1.0593792e+20,0.001,512,0.95,1234,14306.0,7324672.0,30001856512.0,204800.0,2.333285,0.0
dense_600M_xm01_lr0.001_gbsz512_beta20.95_50B,588544000,600000000.0,50000000000.0,1.765632e+20,0.001,512,0.95,1234,23842.0,12207104.0,50000297984.0,204800.0,2.285401,0.0
dense_600M_xm01_lr0.001_gbsz512_beta20.95_80B,588544000,600000000.0,80000000000.0,2.8250112e+20,0.001,512,0.95,1234,38147.0,19531264.0,80000057344.0,204800.0,2.248413,0.0
dense_600M_xm01_lr0.001_gbsz64_beta20.95_120B,588544000,600000000.0,120000000000.0,4.2375168e+20,0.001,64,0.95,1234,457764.0,29296896.0,120000086016.0,204800.0,2.22544,0.0
dense_600M_xm01_lr0.001_gbsz64_beta20.95_12B,588544000,600000000.0,12000000000.0,4.2375168e+19,0.001,64,0.95,1234,45777.0,2929728.0,12000165888.0,204800.0,2.399504,0.0
dense_600M_xm01_lr0.001_gbsz64_beta20.95_20B,588544000,600000000.0,20000000000.0,7.062528e+19,0.001,64,0.95,1234,76294.0,4882816.0,20000014336.0,204800.0,2.350169,0.0
dense_600M_xm01_lr0.001_gbsz64_beta20.95_30B,588544000,600000000.0,30000000000.0,1.0593792e+20,0.001,64,0.95,1234,114441.0,7324224.0,30000021504.0,204800.0,2.315129,0.0
dense_600M_xm01_lr0.001_gbsz64_beta20.95_50B,588544000,600000000.0,50000000000.0,1.765632e+20,0.001,64,0.95,1234,190735.0,12207040.0,50000035840.0,204800.0,2.276344,0.0
dense_600M_xm01_lr0.001_gbsz64_beta20.95_6B,588544000,600000000.0,6000000000.0,2.1187584e+19,0.001,64,0.95,1234,22889.0,1464896.0,6000214016.0,204800.0,2.479826,0.0
dense_600M_xm01_lr0.001_gbsz64_beta20.95_80B,588544000,600000000.0,80000000000.0,2.8250112e+20,0.001,64,0.95,1234,305176.0,19531264.0,80000057344.0,204800.0,2.246736,0.0
dense_600M_xm01_lr0.002_gbsz1024_beta20.95_120B,588544000,600000000.0,120000000000.0,4.2375168e+20,0.002,1024,0.95,1234,28611.0,29297664.0,120003231744.0,204800.0,2.222384,0.0
dense_600M_xm01_lr0.002_gbsz1024_beta20.95_200B,588544000,600000000.0,200000000000.0,7.062528e+20,0.002,1024,0.95,1234,47684.0,48828416.0,200001191936.0,204800.0,2.186043,0.0
dense_600M_xm01_lr0.002_gbsz1024_beta20.95_300B,588544000,600000000.0,300000000000.0,1.0593792e+21,0.002,1024,0.95,1234,71526.0,73242624.0,300001787904.0,204800.0,2.162047,0.0
dense_600M_xm01_lr0.002_gbsz1024_beta20.95_30B,588544000,600000000.0,30000000000.0,1.0593792e+20,0.002,1024,0.95,1234,7153.0,7324672.0,30001856512.0,204800.0,2.358016,0.0
dense_600M_xm01_lr0.002_gbsz1024_beta20.95_50B,588544000,600000000.0,50000000000.0,1.765632e+20,0.002,1024,0.95,1234,11921.0,12207104.0,50000297984.0,204800.0,2.300588,0.0
dense_600M_xm01_lr0.002_gbsz1024_beta20.95_80B,588544000,600000000.0,80000000000.0,2.8250112e+20,0.002,1024,0.95,1234,19074.0,19531776.0,80002154496.0,204800.0,2.255981,0.0
dense_600M_xm01_lr0.002_gbsz128_beta20.95_120B,588544000,600000000.0,120000000000.0,4.2375168e+20,0.002,128,0.95,1234,228882.0,29296896.0,120000086016.0,204800.0,2.220061,0.0
dense_600M_xm01_lr0.002_gbsz128_beta20.95_12B,588544000,600000000.0,12000000000.0,4.2375168e+19,0.002,128,0.95,1234,22889.0,2929792.0,12000428032.0,204800.0,2.398821,0.0
dense_600M_xm01_lr0.002_gbsz128_beta20.95_200B,588544000,600000000.0,200000000000.0,7.062528e+20,0.002,128,0.95,1234,381470.0,48828160.0,200000143360.0,204800.0,2.197384,0.0
dense_600M_xm01_lr0.002_gbsz128_beta20.95_20B,588544000,600000000.0,20000000000.0,7.062528e+19,0.002,128,0.95,1234,38147.0,4882816.0,20000014336.0,204800.0,2.347865,0.0
dense_600M_xm01_lr0.002_gbsz128_beta20.95_300B,588544000,600000000.0,300000000000.0,1.0593792e+21,0.002,128,0.95,1234,572205.0,73242240.0,300000215040.0,204800.0,2.182544,0.0
dense_600M_xm01_lr0.002_gbsz128_beta20.95_30B,588544000,600000000.0,30000000000.0,1.0593792e+20,0.002,128,0.95,1234,57221.0,7324288.0,30000283648.0,204800.0,2.312154,0.0
dense_600M_xm01_lr0.002_gbsz128_beta20.95_50B,588544000,600000000.0,50000000000.0,1.765632e+20,0.002,128,0.95,1234,95368.0,12207104.0,50000297984.0,204800.0,2.27243,0.0
dense_600M_xm01_lr0.002_gbsz128_beta20.95_6B,588544000,600000000.0,6000000000.0,2.1187584e+19,0.002,128,0.95,1234,11445.0,1464960.0,6000476160.0,204800.0,2.483613,0.0
dense_600M_xm01_lr0.002_gbsz128_beta20.95_80B,588544000,600000000.0,80000000000.0,2.8250112e+20,0.002,128,0.95,1234,152588.0,19531264.0,80000057344.0,204800.0,2.241916,0.0
dense_600M_xm01_lr0.002_gbsz256_beta20.95_120B,588544000,600000000.0,120000000000.0,4.2375168e+20,0.002,256,0.95,1234,114441.0,29296896.0,120000086016.0,204800.0,2.210197,0.0
dense_600M_xm01_lr0.002_gbsz256_beta20.95_12B,588544000,600000000.0,12000000000.0,4.2375168e+19,0.002,256,0.95,1234,11445.0,2929920.0,12000952320.0,204800.0,2.411427,0.0
dense_600M_xm01_lr0.002_gbsz256_beta20.95_200B,588544000,600000000.0,200000000000.0,7.062528e+20,0.002,256,0.95,1234,190735.0,48828160.0,200000143360.0,204800.0,2.1827,0.0
dense_600M_xm01_lr0.002_gbsz256_beta20.95_20B,588544000,600000000.0,20000000000.0,7.062528e+19,0.002,256,0.95,1234,19074.0,4882944.0,20000538624.0,204800.0,2.354772,0.0
dense_600M_xm01_lr0.002_gbsz256_beta20.95_300B,588544000,600000000.0,300000000000.0,1.0593792e+21,0.002,256,0.95,1234,286103.0,73242368.0,300000739328.0,204800.0,2.165192,0.0
dense_600M_xm01_lr0.002_gbsz256_beta20.95_30B,588544000,600000000.0,30000000000.0,1.0593792e+20,0.002,256,0.95,1234,28611.0,7324416.0,30000807936.0,204800.0,2.315784,0.0
dense_600M_xm01_lr0.002_gbsz256_beta20.95_50B,588544000,600000000.0,50000000000.0,1.765632e+20,0.002,256,0.95,1234,47684.0,12207104.0,50000297984.0,204800.0,2.272236,0.0
dense_600M_xm01_lr0.002_gbsz256_beta20.95_80B,588544000,600000000.0,80000000000.0,2.8250112e+20,0.002,256,0.95,1234,76294.0,19531264.0,80000057344.0,204800.0,2.236907,0.0
dense_600M_xm01_lr0.002_gbsz512_beta20.95_120B,588544000,600000000.0,120000000000.0,4.2375168e+20,0.002,512,0.95,1234,57221.0,29297152.0,120001134592.0,204800.0,2.211005,0.0
dense_600M_xm01_lr0.002_gbsz512_beta20.95_200B,588544000,600000000.0,200000000000.0,7.062528e+20,0.002,512,0.95,1234,95368.0,48828416.0,200001191936.0,204800.0,2.180173,0.0
dense_600M_xm01_lr0.002_gbsz512_beta20.95_20B,588544000,600000000.0,20000000000.0,7.062528e+19,0.002,512,0.95,1234,9537.0,4882944.0,20000538624.0,204800.0,2.372306,0.0
dense_600M_xm01_lr0.002_gbsz512_beta20.95_300B,588544000,600000000.0,300000000000.0,1.0593792e+21,0.002,512,0.95,1234,143052.0,73242624.0,300001787904.0,204800.0,2.159925,0.0
dense_600M_xm01_lr0.002_gbsz512_beta20.95_30B,588544000,600000000.0,30000000000.0,1.0593792e+20,0.002,512,0.95,1234,14306.0,7324672.0,30001856512.0,204800.0,2.328165,0.0
dense_600M_xm01_lr0.002_gbsz512_beta20.95_50B,588544000,600000000.0,50000000000.0,1.765632e+20,0.002,512,0.95,1234,23842.0,12207104.0,50000297984.0,204800.0,2.279991,0.0
dense_600M_xm01_lr0.002_gbsz512_beta20.95_80B,588544000,600000000.0,80000000000.0,2.8250112e+20,0.002,512,0.95,1234,38147.0,19531264.0,80000057344.0,204800.0,2.240445,0.0
dense_600M_xm01_lr0.002_gbsz64_beta20.95_120B,588544000,600000000.0,120000000000.0,4.2375168e+20,0.002,64,0.95,1234,457764.0,29296896.0,120000086016.0,204800.0,2.252712,0.0
dense_600M_xm01_lr0.002_gbsz64_beta20.95_12B,588544000,600000000.0,12000000000.0,4.2375168e+19,0.002,64,0.95,1234,45777.0,2929728.0,12000165888.0,204800.0,2.412714,0.0
dense_600M_xm01_lr0.002_gbsz64_beta20.95_20B,588544000,600000000.0,20000000000.0,7.062528e+19,0.002,64,0.95,1234,76294.0,4882816.0,20000014336.0,204800.0,2.366431,0.0
dense_600M_xm01_lr0.002_gbsz64_beta20.95_30B,588544000,600000000.0,30000000000.0,1.0593792e+20,0.002,64,0.95,1234,114441.0,7324224.0,30000021504.0,204800.0,2.334854,0.0
dense_600M_xm01_lr0.002_gbsz64_beta20.95_50B,588544000,600000000.0,50000000000.0,1.765632e+20,0.002,64,0.95,1234,190735.0,12207040.0,50000035840.0,204800.0,2.300419,0.0
dense_600M_xm01_lr0.002_gbsz64_beta20.95_6B,588544000,600000000.0,6000000000.0,2.1187584e+19,0.002,64,0.95,1234,22889.0,1464896.0,6000214016.0,204800.0,2.489088,0.0
dense_600M_xm01_lr0.002_gbsz64_beta20.95_80B,588544000,600000000.0,80000000000.0,2.8250112e+20,0.002,64,0.95,1234,305176.0,19531264.0,80000057344.0,204800.0,2.273238,0.0
dense_600M_xm01_lr0.004_gbsz1024_beta20.95_120B,588544000,600000000.0,120000000000.0,4.2375168e+20,0.004,1024,0.95,1234,28611.0,29297664.0,120003231744.0,204800.0,2.224155,0.0
dense_600M_xm01_lr0.004_gbsz1024_beta20.95_200B,588544000,600000000.0,200000000000.0,7.062528e+20,0.004,1024,0.95,1234,47684.0,48828416.0,200001191936.0,204800.0,2.187475,0.0
dense_600M_xm01_lr0.004_gbsz1024_beta20.95_300B,588544000,600000000.0,300000000000.0,1.0593792e+21,0.004,1024,0.95,1234,71526.0,73242624.0,300001787904.0,204800.0,2.164505,0.0
dense_600M_xm01_lr0.004_gbsz1024_beta20.95_30B,588544000,600000000.0,30000000000.0,1.0593792e+20,0.004,1024,0.95,1234,7153.0,7324672.0,30001856512.0,204800.0,2.369713,0.0
dense_600M_xm01_lr0.004_gbsz1024_beta20.95_50B,588544000,600000000.0,50000000000.0,1.765632e+20,0.004,1024,0.95,1234,11921.0,12207104.0,50000297984.0,204800.0,2.307115,0.0
dense_600M_xm01_lr0.004_gbsz1024_beta20.95_80B,588544000,600000000.0,80000000000.0,2.8250112e+20,0.004,1024,0.95,1234,19074.0,19531776.0,80002154496.0,204800.0,2.259373,0.0
dense_600M_xm01_lr0.004_gbsz128_beta20.95_120B,588544000,600000000.0,120000000000.0,4.2375168e+20,0.004,128,0.95,1234,228882.0,29296896.0,120000086016.0,204800.0,2.249694,0.0
dense_600M_xm01_lr0.004_gbsz128_beta20.95_12B,588544000,600000000.0,12000000000.0,4.2375168e+19,0.004,128,0.95,1234,22889.0,2929792.0,12000428032.0,204800.0,2.41772,0.0
dense_600M_xm01_lr0.004_gbsz128_beta20.95_200B,588544000,600000000.0,200000000000.0,7.062528e+20,0.004,128,0.95,1234,381470.0,48828160.0,200000143360.0,204800.0,2.227052,0.0
dense_600M_xm01_lr0.004_gbsz128_beta20.95_20B,588544000,600000000.0,20000000000.0,7.062528e+19,0.004,128,0.95,1234,38147.0,4882816.0,20000014336.0,204800.0,2.369156,0.0
dense_600M_xm01_lr0.004_gbsz128_beta20.95_30B,588544000,600000000.0,30000000000.0,1.0593792e+20,0.004,128,0.95,1234,57221.0,7324288.0,30000283648.0,204800.0,2.3354,0.0
dense_600M_xm01_lr0.004_gbsz128_beta20.95_50B,588544000,600000000.0,50000000000.0,1.765632e+20,0.004,128,0.95,1234,95368.0,12207104.0,50000297984.0,204800.0,2.29905,0.0
dense_600M_xm01_lr0.004_gbsz128_beta20.95_6B,588544000,600000000.0,6000000000.0,2.1187584e+19,0.004,128,0.95,1234,11445.0,1464960.0,6000476160.0,204800.0,2.499098,0.0
dense_600M_xm01_lr0.004_gbsz128_beta20.95_80B,588544000,600000000.0,80000000000.0,2.8250112e+20,0.004,128,0.95,1234,152588.0,19531264.0,80000057344.0,204800.0,2.270472,0.0
dense_600M_xm01_lr0.004_gbsz256_beta20.95_120B,588544000,600000000.0,120000000000.0,4.2375168e+20,0.004,256,0.95,1234,114441.0,29296896.0,120000086016.0,204800.0,2.222691,0.0
dense_600M_xm01_lr0.004_gbsz256_beta20.95_12B,588544000,600000000.0,12000000000.0,4.2375168e+19,0.004,256,0.95,1234,11445.0,2929920.0,12000952320.0,204800.0,2.418108,0.0
dense_600M_xm01_lr0.004_gbsz256_beta20.95_200B,588544000,600000000.0,200000000000.0,7.062528e+20,0.004,256,0.95,1234,190735.0,48828160.0,200000143360.0,204800.0,2.197706,0.0
dense_600M_xm01_lr0.004_gbsz256_beta20.95_20B,588544000,600000000.0,20000000000.0,7.062528e+19,0.004,256,0.95,1234,19074.0,4882944.0,20000538624.0,204800.0,2.360145,0.0
dense_600M_xm01_lr0.004_gbsz256_beta20.95_300B,588544000,600000000.0,300000000000.0,1.0593792e+21,0.004,256,0.95,1234,286103.0,73242368.0,300000739328.0,204800.0,2.181143,0.0
dense_600M_xm01_lr0.004_gbsz256_beta20.95_30B,588544000,600000000.0,30000000000.0,1.0593792e+20,0.004,256,0.95,1234,28611.0,7324416.0,30000807936.0,204800.0,2.321175,0.0
dense_600M_xm01_lr0.004_gbsz256_beta20.95_50B,588544000,600000000.0,50000000000.0,1.765632e+20,0.004,256,0.95,1234,47684.0,12207104.0,50000297984.0,204800.0,2.279404,0.0
dense_600M_xm01_lr0.004_gbsz256_beta20.95_80B,588544000,600000000.0,80000000000.0,2.8250112e+20,0.004,256,0.95,1234,76294.0,19531264.0,80000057344.0,204800.0,2.246613,0.0
dense_600M_xm01_lr0.004_gbsz512_beta20.95_120B,588544000,600000000.0,120000000000.0,4.2375168e+20,0.004,512,0.95,1234,57221.0,29297152.0,120001134592.0,204800.0,2.216258,0.0
dense_600M_xm01_lr0.004_gbsz512_beta20.95_200B,588544000,600000000.0,200000000000.0,7.062528e+20,0.004,512,0.95,1234,95368.0,48828416.0,200001191936.0,204800.0,2.185918,0.0
dense_600M_xm01_lr0.004_gbsz512_beta20.95_20B,588544000,600000000.0,20000000000.0,7.062528e+19,0.004,512,0.95,1234,9537.0,4882944.0,20000538624.0,204800.0,2.380818,0.0
dense_600M_xm01_lr0.004_gbsz512_beta20.95_300B,588544000,600000000.0,300000000000.0,1.0593792e+21,0.004,512,0.95,1234,143052.0,73242624.0,300001787904.0,204800.0,2.167161,0.0
dense_600M_xm01_lr0.004_gbsz512_beta20.95_30B,588544000,600000000.0,30000000000.0,1.0593792e+20,0.004,512,0.95,1234,14306.0,7324672.0,30001856512.0,204800.0,2.335398,0.0
dense_600M_xm01_lr0.004_gbsz512_beta20.95_50B,588544000,600000000.0,50000000000.0,1.765632e+20,0.004,512,0.95,1234,23842.0,12207104.0,50000297984.0,204800.0,2.284957,0.0
dense_600M_xm01_lr0.004_gbsz512_beta20.95_80B,588544000,600000000.0,80000000000.0,2.8250112e+20,0.004,512,0.95,1234,38147.0,19531264.0,80000057344.0,204800.0,2.245657,0.0
dense_600M_xm01_lr0.004_gbsz64_beta20.95_120B,588544000,600000000.0,120000000000.0,4.2375168e+20,0.004,64,0.95,1234,457764.0,29296896.0,120000086016.0,204800.0,2.302509,0.0
dense_600M_xm01_lr0.004_gbsz64_beta20.95_12B,588544000,600000000.0,12000000000.0,4.2375168e+19,0.004,64,0.95,1234,45777.0,2929728.0,12000165888.0,204800.0,2.447349,0.0
dense_600M_xm01_lr0.004_gbsz64_beta20.95_20B,588544000,600000000.0,20000000000.0,7.062528e+19,0.004,64,0.95,1234,76294.0,4882816.0,20000014336.0,204800.0,2.406985,0.0
dense_600M_xm01_lr0.004_gbsz64_beta20.95_30B,588544000,600000000.0,30000000000.0,1.0593792e+20,0.004,64,0.95,1234,114441.0,7324224.0,30000021504.0,204800.0,2.380026,0.0
dense_600M_xm01_lr0.004_gbsz64_beta20.95_50B,588544000,600000000.0,50000000000.0,1.765632e+20,0.004,64,0.95,1234,190735.0,12207040.0,50000035840.0,204800.0,2.348877,0.0
dense_600M_xm01_lr0.004_gbsz64_beta20.95_6B,588544000,600000000.0,6000000000.0,2.1187584e+19,0.004,64,0.95,1234,22889.0,1464896.0,6000214016.0,204800.0,2.513114,0.0
dense_600M_xm01_lr0.004_gbsz64_beta20.95_80B,588544000,600000000.0,80000000000.0,2.8250112e+20,0.004,64,0.95,1234,305176.0,19531264.0,80000057344.0,204800.0,2.323343,0.0
